0.363977680176847,-0.14220487156377,0.0587378096452293,0.234480110565828,0.266079932992225,0.37789153428219,-0.308932268978164,-0.272161325105977,0.178360613706696,-0.146331598065567,-0.175154082517373,0.223098351377829,-0.205798776198729,-0.214719600574065,-0.107770371898504,-0.115473110209167,0.128680685895613,0.163666274650693,0.315705451643219,-0.151009997838945,0.176666024441985,-0.188731122207194,0.0392653185723612,0.26805289744105
0.366109589829345,-0.148968384457586,0.0647620479054178,0.227884686106851,0.284908240714847,0.350508592696037,-0.299539575537046,-0.280327229256572,0.159326075690121,-0.1259756177675,-0.167657943555602,0.240111792438344,-0.223377531970787,-0.19452961573696,-0.0964915668773211,-0.0974701554047061,0.120588824923467,0.148563563950921,0.306946949489362,-0.152326112144081,0.177481513433303,-0.185754404580938,0.0372773593544561,0.282202687096878
0.427933244363164,-0.189869948182671,0.0995410825582403,0.214456890383866,0.322968676509043,-0.303207637360743,-0.277169324446343,-0.290966877928064,0.111032009073627,-0.152032925462304,-0.109185670628052,0.277313120255808,-0.199751782924479,-0.125076105680605,-0.113462136808202,-0.0350032061529636,0.105380498905532,0.0529884882007735,0.259423068152239,-0.185434706979535,0.116371627963772,-0.17671314006729,-0.0424271816798669,0.303565884147278
0.458718984184995,-0.190751046291907,0.136316765694914,0.220057986260756,0.322098643461466,0.290031734202719,-0.249361018240949,-0.315899320543015,0.0855824264241331,-0.212999660567912,-0.0597451644045635,0.297597882336316,-0.162625939939787,-0.10844559725702,-0.119697540773918,-0.00349928496626482,0.091213567861506,-0.00110666303826335,0.225536393037922,-0.164969264572699,0.0536943073438288,-0.174658175434747,-0.0627558764205099,0.296927329324986
0.305455634570957,0.468745350421484,-0.145500076946415,0.0656419255809807,-0.3521997581077,0.0345883746084432,0.344938304136923,0.112722204410524,-0.560694070343015,-0.12554112042718,0.0366244980175511,0.137515100592158,-0.52522643410524,0.162285233679969,0.209161573238868,-0.186392110038858,0.29709789766494,-0.00375708155090864,0.165942514449467,0.157427746314072,0.252237247440749,0.0082763982267292,0.304480299611063,0.535208460040145
0.241842319861627,-0.323990756098728,0.229783325115118,0.0231808639134874,-0.265985264134029,0.229773506981754,0.121992488488567,0.0753725293295391,-0.447566181461182,-0.125932059510525,-0.059527033332829,0.246652495786107,-0.640281193233243,0.0618038974795999,-0.142192319326684,-0.177941174252113,0.237037887205436,0.0211600631207601,-0.133582315536994,0.172694913198748,0.133935897573993,0.0919768337820186,0.430996406136477,0.544627912595365
0.250649208845765,-0.327872152625063,0.218774083881022,0.0223105056733663,-0.268913498878876,0.229788321065665,0.125080977732982,0.0757328455910956,-0.449040286935677,-0.136257741601048,-0.0764251038089612,0.249884033996527,-0.63385880413065,0.0676554783617335,-0.137264851861911,-0.169782396437517,0.251017334603158,0.0220374953212323,-0.129730241668386,0.176453575044754,0.121687142768568,0.0842512630429021,0.428806034504991,0.544175207022052
0.24980012388119,-0.339709777895835,0.225095216351149,0.0108052557840683,-0.276042496081967,0.216305293673821,0.142927658358894,0.0771416153863058,-0.460199375409573,-0.124838784302685,-0.0460584333092747,0.240674089668382,-0.638262170332001,0.0686639859701037,-0.144737015667815,-0.175688737389793,0.24398405968994,0.0199543493106503,-0.137398461170661,0.175578367677836,0.146630261077134,0.0854647627923897,0.423402486051416,0.549746272614456
0.273489568317653,-0.363112619598683,0.199935982148934,0.00119182168656303,-0.289358548368659,0.202518212235227,0.17200814771912,0.0799990172611811,-0.472218093021714,-0.142430183399133,-0.0559623711669749,0.241480995561615,-0.62452844767579,0.088966978054951,-0.141424973606018,-0.164352082333288,0.268652786103268,0.0154357620885015,-0.139625585426623,0.183593708924223,0.14098321439851,0.0630406551658996,0.411905557951251,0.554767719665973
0.258932812898496,-0.382219313781747,-0.22578889002251,-0.0389916883003743,-0.303303445464094,0.159008584026267,0.201609431572966,0.0821980330103016,-0.494563039526644,-0.106884788946436,0.00986356293755061,0.199987541997304,-0.625483101859548,0.0776248840618002,-0.159816640421259,-0.175329889053801,0.255082515817893,0.0175263262892318,-0.138505490406,0.172955964063313,0.196940922349533,0.0765823695254114,0.39707676951909,0.55467385843934
0.265195192070317,-0.379237969895058,-0.216065409985732,-0.0244197021049312,-0.300545672828419,0.17130290869003,0.196191215030909,0.0836058767929941,-0.489901625127115,-0.117904370521193,-0.00663243596559813,0.213695460123805,-0.625565480135251,0.0842452194122412,-0.157260179984271,-0.175322338529773,0.257187515098757,0.0152112441949656,-0.14285504945042,0.174482641158582,0.18222214441017,0.070048584036709,0.400468124325167,0.557214877215438
0.267338300874011,-0.404359429287746,-0.215301789047011,-0.0573920296614664,-0.314511599757765,0.123717288229587,0.235112033964446,0.084184607627984,-0.509536227680802,-0.110262177991467,0.0184109836162449,0.178080428199382,-0.604931635298619,0.0941469902551547,0.169523941572001,-0.175735929826808,0.266364918964103,0.0125236610763541,-0.137062698208383,0.171869684503974,0.214167967938441,0.0646929920045419,0.376251248899523,0.551013197498983
0.294121752113092,-0.430908437443878,-0.180278283099331,-0.0520795769522652,-0.331529933369889,0.108452349569585,0.27273804340263,0.0963479223873137,-0.528602168702157,-0.125580364762013,0.0194997660927747,0.184680076604527,-0.586805411108991,0.124110484656412,0.176299629482182,-0.173513463603173,0.281803578120562,0.00670898489180618,-0.155273551494662,0.171363375386873,0.214268752420443,0.03534904577848,0.355384681473667,0.558894982037085
0.271839568088418,-0.426432147406128,-0.206744658054695,-0.0771242464068336,-0.320684950580154,0.0623894871103959,0.279658508978298,0.0803208952779517,-0.524132262523045,-0.116714198386207,0.020716154409271,0.132784059107164,-0.559281782025955,0.118355511731975,0.19334858848006,-0.182152682011813,0.277301314361631,0.00437413997239184,0.129626132423142,0.166008233605452,0.242129558732372,0.0538675879273325,0.338331618438945,0.532380284975404
0.291952719176415,-0.44462702277296,-0.180538562256334,0.0671474690396736,-0.33782397045714,0.0682997636353644,0.3005122847551,0.0968951925588325,-0.539928105188967,-0.120111633055068,0.032665271163847,0.150824319266167,-0.560037544300869,0.132403596112495,0.194192442716533,-0.180214388582337,0.283331909838224,0.00429938472665427,0.149901606463743,0.162420130541323,0.237395640814089,0.0328302695248917,0.331503019532701,0.545964475644271
0.305652199696028,-0.455821470314136,-0.159740765634535,0.0633534147396478,-0.346733591471689,0.06983732398899,0.314892295492344,0.105057395665802,-0.549394737876006,-0.126581418778206,0.0345780983828963,0.163875984847918,-0.558296196473836,0.146284084662562,0.190916562187703,-0.175751192962378,0.291809050282146,0.00249917740978015,0.163382274091356,0.165938514494175,0.235027781434895,0.0175431275090465,0.325874457690241,0.5531888265092
0.22766331117716,-0.310706225350389,0.249844722036516,0.0213424462039263,-0.260987207400158,0.224791657863097,0.104212632193302,0.0768286346974423,-0.444193012829122,-0.113117985559965,-0.047002675824974,0.234311806540072,-0.644363219318257,0.0444234014150446,-0.148532722395404,-0.185198027347668,0.228830546294389,0.0270249317983761,-0.129014392428931,0.16386456352413,0.142802401425334,0.110889533046409,0.44135829310697,0.53663795792921
0.23559573884838,-0.315611593827467,0.237923633558788,0.023396448471753,-0.263242459035945,0.227932329674221,0.109442918176826,0.0764646431118837,-0.445382421816827,-0.122872220410323,-0.0623657635887382,0.240977008660114,-0.639798048475627,0.0534130780726536,-0.143973943812909,-0.17943298553851,0.237320290815253,0.0257924424903062,-0.128128428124451,0.167976480232158,0.131880123745378,0.100949002970666,0.436668095054141,0.538922990021578
0.232153954297251,-0.323845688853557,0.247997510798402,0.00582893551555067,-0.270057912117414,0.212871214380884,0.121934496145877,0.0786285923208611,-0.455195145981356,-0.108296609907183,-0.0320068657626444,0.227046101896593,-0.644473588088078,0.0473108378485397,-0.150181055229112,-0.182284576683008,0.23501802288508,0.0262179902801483,-0.130369056076238,0.166586976452185,0.156408370026783,0.106827481517925,0.435595062747781,0.541144718118498
0.244341706768339,-0.345121336247286,-0.236478184675828,-0.00395945268373401,-0.280566055248637,0.20170249678956,0.149950856094413,0.0787425106167898,-0.466621193970863,-0.111293530258775,-0.0212660219058546,0.225208855039333,-0.640289942001537,0.0613138612974596,-0.151339755028656,-0.180240395993092,0.239421729760094,0.021041016882094,-0.136222398938038,0.170433754528999,0.165477160123402,0.0920497660525867,0.42234632384805,0.549565376445932
0.237124957807694,-0.3723607759341,-0.239300855841852,-0.0733081965663747,-0.297721460688842,0.146627824157998,0.189212700035482,0.0819390694513107,-0.486770266977204,-0.0900490942929752,0.0164001583248634,0.179558302179581,0.628315790477035,0.0602157309683677,0.151674020681277,-0.170882323232253,0.261119971541747,0.015665898775084,-0.118895141256736,0.17597972414503,0.20897870034446,0.0902828057487577,0.407875580537204,0.541474216312768
0.243905436486489,-0.361483805812348,-0.23889585178179,-0.0378937313277634,-0.29272617715367,0.172525108469049,0.172768368579716,0.0825254700431487,-0.48106629285012,-0.0993795714859892,0.00351325830902676,0.201125559970801,-0.63513847733376,0.0602389202380816,-0.155591157248823,-0.176687417077804,0.250934497837931,0.0200051267320013,-0.130321175725302,0.17096359741121,0.190269732186594,0.0911873775393591,0.41467493025355,0.548377812880948
0.249911150853649,-0.360624496464171,-0.233136923903107,-0.019577256239253,-0.29044004637919,0.186300429445993,0.171664497361324,0.0800074251758463,-0.478981656912692,-0.107061170123885,-0.00430201681279945,0.216657784295433,-0.637561884167319,0.0665888075983891,-0.153578535318268,-0.177499575689331,0.244820803272639,0.0200000114612712,-0.138754124154253,0.172863965691818,0.180763899477979,0.0864665185732812,0.413037703185913,0.553364547049281
0.231126241819413,-0.37880647351202,-0.233164169968959,-0.0994010751879675,-0.296042056466982,0.122324477033557,0.201172721019965,0.0795299693499933,-0.488570083451502,-0.091514364215921,0.0109718926258572,0.165859309211709,0.617027513998162,0.0706125247560019,0.148438239842405,-0.168651619081824,0.271258255872304,0.00616851880494497,-0.109632482607955,0.182963976229181,0.220058417837175,0.0856054934000161,0.399158447536475,0.533589198962783
0.246596325602209,-0.385369094409742,-0.232699197176369,-0.0713796128285093,-0.303065124230901,0.134458411009344,0.207678361071576,0.0796691650362916,-0.494861092618632,-0.097359041545108,0.0171145873091895,0.175951428504916,-0.61893689611319,0.0728213006564928,0.156653271877067,-0.171809931670981,0.262708429373109,0.0143593831084801,-0.122773243834363,0.176231557575184,0.213088798851875,0.0821606715339678,0.394684825167472,0.54351654665679
0.162071851788713,-0.153591250915116,-0.0650941949776458,0.238558373756485,0.222880728116248,0.21123684469522,-0.242911527551892,-0.329205311950202,-0.239573483459508,0.0321443321038654,-0.242052716550024,0.342602483557953,0.42169694433115,-0.248210499694736,-0.00400320265029217,-0.384399272639171,-0.194166917270647,0.0631346794402041,0.463621233812652,-0.00178699661276274,0.349941889451751,-0.167719730319318,-0.0390389322441419,0.17230435438838
0.225697642471629,-0.304179394480542,0.250998642821349,0.0187054211781812,-0.261128263063295,0.222038312050769,0.0953194745015039,0.0798957509513246,-0.445481225793078,-0.114899752050572,-0.0561123807857324,0.232149930077054,-0.64171109845272,0.0412823747290529,-0.148667800343323,-0.181997060078229,0.237554630159696,0.0308758751377447,-0.124106913956551,0.163216881331009,0.138297922705399,0.115057981084898,0.445394766494789,0.532078666161095
0.226681221533381,-0.288355672238065,0.239565824716743,0.0387725930481034,-0.251579294725856,0.234599249820118,0.0719815850914428,0.0767104053971216,-0.434459565903659,-0.136220896900229,-0.106814475085597,0.244732129963191,0.628474737347558,-0.0475478214934866,-0.138716754291473,-0.174683577029669,0.247449280043125,0.0364380085032264,-0.114253190475478,0.163875231942713,0.101299546761481,0.111798221408702,0.446180300210352,0.521019299570821
0.228855345661038,-0.323841483579237,-0.252457725956727,-0.0146187824126204,-0.276041481362023,0.200351772430085,0.122449794160358,0.0855342329849998,-0.461665203516496,-0.0991312387779972,-0.020953159100475,0.213935982785417,0.644400398509245,0.0392504849178065,-0.153808265285565,-0.178853078877704,0.246440915263772,0.028137455366257,-0.124480474730665,0.164808691642577,0.167012180287572,0.111448012717761,0.439418530127801,0.538856355778773
0.228658794893246,-0.358533006184341,-0.24102903914072,-0.0822100754884524,-0.294920075941823,0.153959497819468,0.17194443866775,0.0893726146325293,-0.482272788805511,-0.0829924211633511,0.0119164742287871,0.180614031973943,0.634035093102107,0.0494954637002256,-0.149596690851419,-0.16726145853766,0.269652584809109,0.0154551293534264,-0.113402990988269,0.176491779338604,0.206412349259507,0.0963832824707628,0.420121423066334,0.539026204945214
0.229451411155757,-0.339864403832593,-0.248797560449858,-0.0501232145192422,-0.287963830566858,0.17898275855721,0.145358611513026,0.0908451243150108,-0.473811105266,-0.0871842355681426,0.00101306372454914,0.196316297588732,0.642095461638534,0.0395743136106035,-0.154323387559323,-0.172522744065402,0.260031101444598,0.0237546678650754,-0.119626729002241,0.16848708834879,0.188377150926558,0.105624097901876,0.432779372757794,0.540900712131233
0.216949406192099,-0.364619171249052,-0.232813255727983,-0.118084139521746,-0.291686622353284,0.128068345082078,0.183753245224829,0.0887350341254494,-0.481632805783572,-0.0807345126089906,0.00902882257030825,0.165761869597554,0.623229142893512,0.0599994267941601,0.143244230004838,-0.166322010625108,0.278880811559819,0.000285009883096168,-0.102368384413696,0.184360912332642,0.219907857729572,0.0899509357437294,0.412823810415644,0.529359216607551
0.0879205604374418,-0.137331571142703,-0.0356484762848964,0.0918987406557321,0.117897794142989,-0.199524960421856,-0.296052419244125,-0.249547323975526,0.309445804291501,-0.0704984505045224,-0.29063102081022,0.292547459763946,0.194365754772061,-0.243353772950667,-0.16590928428694,-0.476979736810513,-0.24471811022245,-0.141625778706272,0.426933611713187,-6.62205019997745e-05,0.320433286244517,0.0136389286067484,0.0820579513396744,0.117420463412383
0.0950450672907742,-0.138594834653216,-0.0421648566945529,0.0992307448901153,0.109036873655693,-0.189883161885915,-0.297946153204867,-0.255920997021427,0.312880671928501,-0.0589073573048533,-0.297936011317421,0.306000084649543,0.222252648586436,-0.246379977930535,-0.149132994954763,-0.46891618418273,-0.23782471343517,-0.122385631073347,0.438279880433374,-0.0223822719031356,0.329993518038845,-0.00075274807505454,-0.0560345171445905,0.123485248529298
0.115922459420217,-0.173056509883583,-0.0843550947505651,0.142571565120947,0.0522475211387675,0.135242203961966,-0.313397481478395,-0.226094809887783,0.326922792591782,0.0200435398275914,-0.351276191714169,0.411103147358118,0.390702436027528,-0.224500393187288,-0.0321817538858011,-0.370820850895387,-0.202106847022573,-0.0441460305986229,0.453448925313717,0.117986407882668,0.363652221716809,-0.0440470934226802,0.0318345194944956,0.162250889611503
0.100004898086872,-0.135210347404624,-0.0314150002892755,0.0824271271288163,0.132169930176118,-0.203166148331774,-0.298356986536449,-0.256593561356912,0.308541769644285,-0.0984557933316281,-0.265136326715597,0.296178234817188,0.170957245760274,-0.255506429805491,-0.173359054599875,-0.469956306640735,-0.231544087954163,-0.145883718120233,0.423420007207859,0.00910996612646369,0.297951495047525,0.0134440556386574,0.0961883767109068,0.129262131415881
0.157808415799433,-0.18206235786242,-0.0798721398460537,0.197495970723825,0.121000021122908,0.173687499781386,-0.290596136493036,-0.262709058118626,-0.305509095468834,0.0338539963681038,-0.315881304063433,0.400722288928604,0.425391517842938,-0.229837806791785,-0.0126285531442519,-0.360396925653641,-0.188781424884909,0.0212068610078372,0.466553048650866,0.0563917908562916,0.355229668746424,-0.110182455676765,-0.0095052138780819,0.18555349232286
0.22110685763444,-0.275582316926845,0.245159196314546,0.0400844751140951,-0.248848395823235,0.223067371416827,0.0556240639894948,0.0784445803485276,-0.434898344965866,-0.144674526081251,-0.120176475921822,0.239462364447227,0.61847725353022,-0.0486940330276264,-0.142035333512788,-0.176809380483036,0.251458488575113,0.0414761435706647,-0.110393735531023,0.159899436935699,0.0947084497200676,0.118324487213682,0.450738617462639,0.509406884378081
0.224302124134222,-0.304418475300689,-0.254087353473634,-0.00633533663269102,-0.270268465228562,0.204830425960891,0.0965141983495192,0.0900790503038534,-0.455393209326954,-0.107606881975667,-0.0447203903314367,0.217623762750061,0.639917056312335,0.0353745553048782,-0.155670934863586,-0.178546183968154,0.253298296271665,0.0318714758998902,-0.118609093964612,0.160716450300662,0.149967244544278,0.117627420950321,0.449287142505012,0.530367774978972
0.22602597337291,-0.322485612299926,-0.251893418274847,-0.0403432184767309,-0.283185388056976,0.188178307262214,0.122463274002826,0.0955229652494788,-0.468086379989222,-0.0910696173823075,-0.014051432655091,0.201894196617635,0.642772139465119,0.0330604266496654,-0.157459667383934,-0.173259735283724,0.263072621366085,0.0272827028988508,-0.11720057369274,0.164008808457463,0.175444283605448,0.112048813046401,0.442865913985278,0.53677242830414
0.217086347948039,-0.352264523146571,-0.23548063967931,-0.114111719687456,-0.294447214635831,0.14400985789865,0.168039936248908,0.0986293277937483,-0.481377020553389,-0.0738989351339498,0.0104470313365723,0.171161220159566,0.630779302805675,0.0463570093769704,-0.148114833529118,-0.163307077656402,0.284906995561969,0.00537274241451179,-0.103173883792658,0.179484365716211,0.21362064317215,0.0951193412255528,0.423919885303046,0.533326990795825
0.086347450170164,-0.149380179392643,-0.0407903108027545,0.0890870622227429,0.108391631690353,-0.207233453826201,-0.303984978555867,-0.232047495360325,0.303816095896818,-0.0697219634981265,-0.305209295559642,0.29488071153828,0.190778626797135,-0.231836609474004,-0.160850473345872,-0.46376972128212,-0.23821827037063,-0.154432194879029,0.404501010428737,0.00611350308890401,0.310565080772031,0.0298869617481527,-0.0780379722393672,0.121276838446017
0.121777479907601,-0.198378913046059,-0.0889815363849123,0.165121678849389,0.0458514211394778,0.159505358608957,-0.321527151005152,-0.2003628838833,0.332594238560391,0.0239272528134255,-0.367887784606843,0.409902407530619,0.406189294225263,-0.214867790717482,-0.0142152702697734,-0.344240033632505,-0.179249268382039,-0.0375494776506796,0.4323075290889,0.0999073295261172,0.361951335333679,-0.0354322786854206,0.0205076866676579,0.178399982759251
0.144294284697795,-0.205992842744362,-0.0866805758317365,0.189826097909395,0.068126481043291,0.180101627102878,-0.31423514270477,-0.206090713092686,0.332973078501011,0.0316052835521407,-0.35952985328446,0.405341878321219,0.418069278406366,-0.213116157786511,-0.0128066671341715,-0.337565206532212,-0.171301324757203,-0.00711979751817376,0.439973393103275,0.0632319764037213,0.357454590878029,-0.0640494333270962,-0.00453035120265312,0.189152172961206
0.161779824272196,-0.210220509154556,-0.0783162580290534,0.213534644136823,0.0882996904924942,0.207922475577507,-0.302993242769861,-0.204414191233617,-0.334223482759469,0.0352235339850027,-0.354141733785064,0.385477463526283,0.414851884482976,-0.206246742600042,-0.0235406398296024,-0.33405065343703,-0.163346941915159,0.017392100597419,0.439936817033371,0.012005973404626,0.35177924412159,-0.0829771055130574,-0.0384782631183262,0.194432778881592
0.173631947917618,-0.196716803173193,-0.0632687181480799,0.22957187810081,0.124584177525065,0.229001127718538,-0.281351526396246,-0.222991070500529,-0.322851196294782,0.0306495129129595,-0.331495414610233,0.356856314774656,0.400387110723108,-0.205531537782366,-0.0425427080537518,-0.344164977503623,-0.164733551884252,0.0390649584626204,0.443264557678166,0.0376026845732263,0.345159490201968,-0.104184565934421,-0.0712836974782663,0.190909217008049
0.223289581400127,-0.275223798013175,0.245158273231982,0.0256772282967924,-0.256476233170811,0.198960987788403,0.0573870720325503,0.0816577551245191,-0.445748542777846,-0.156723732557698,-0.121264052605219,0.229710344953642,-0.606018425283936,-0.061389465788936,-0.148301284246434,-0.178707499469957,0.260128038447767,0.0427756831654252,-0.112498929109344,0.159540908514022,-0.0984449394265895,0.112290315382738,0.449637676017398,0.502685139239201
0.228998107598586,-0.288483397409804,-0.244547437280815,-0.0130191019104066,-0.276341752534003,0.178163468046569,0.0792935092100297,0.0967647918389161,-0.465131842477394,-0.140398820785503,-0.0794789949782,0.215183582601557,-0.615153611253678,-0.0583705968859694,-0.161793290876001,-0.176350375467487,0.27423524720241,0.037562794923889,-0.118012035284806,0.159793157009009,0.132560847087312,0.106848956271721,0.449075397989862,0.512791689702933
0.0840764318815327,-0.198735855105362,-0.0723088491614706,0.136172404749971,0.0332452953946655,0.189051084532549,-0.327900888389865,-0.18298893662021,0.31296768611384,-0.0146175883507014,-0.38510601322841,0.345131107682394,0.316210448133604,-0.20132343156769,0.0517108255136676,-0.365828830415894,-0.178556983253574,-0.116125138904951,0.365495874987247,0.0790761952168826,0.343392022424081,0.0479045110766149,0.0175514992444026,0.162608330011048
0.0962914038026022,-0.213451566165251,-0.0842900272898209,0.15642019185792,0.0213080962028392,0.176424164509508,-0.33198102187081,-0.175744348642908,0.31881163795677,0.00225918875096928,-0.388620207890343,0.376401803301904,0.370051559689629,-0.201022421932148,0.0099504167693018,-0.330465587747117,-0.159620601414486,-0.0844199077733068,0.370654089057332,0.106838794017722,0.348724312039899,0.0267390809242495,0.0369020525403688,0.179940035861642
0.0947863531594891,-0.174912997471249,-0.0549673215424744,0.0677852227533958,0.0986220505896594,-0.233921777243927,-0.320091751750012,-0.191457992179365,0.279639616161725,-0.0879788234906084,-0.314225285834831,0.287899232555391,0.151416369573895,-0.208211799064196,-0.156944182140894,-0.428204478183149,-0.207302369614063,-0.18033169450286,0.340574416533657,0.0416565009131466,0.257353362770705,0.0647133010512898,-0.0768438941813385,0.130767164458612
0.13882413291945,-0.239000116357228,-0.0913262155415932,0.2003162334458,0.0342094948844572,0.193970918788787,-0.330929621497546,-0.168645015283134,0.335182805887543,0.0268946010522946,-0.3838322727097,0.398019333020926,0.416935160447261,-0.19572794466138,-0.0128016821100201,-0.296632204874623,-0.137250349490767,-0.0256577025891023,0.389377009045537,0.0720967987742102,0.343929754662593,-0.0270088185962174,0.00838921590552925,0.206586297484771
0.161890683884118,-0.240305819186123,-0.0823372406105272,0.223198687207902,0.0562215611800287,0.217510535298793,-0.319362386659259,-0.171684905556325,0.342694442630684,0.0352512526586968,-0.377252454648621,0.3840434529616,0.412830176274262,-0.189656131637929,0.00591850018722519,-0.298977949493231,-0.136198624249251,0.00278050109324071,0.402350622105106,0.0171535725613512,0.339393953177049,-0.0560160759250501,-0.0313512945449978,0.211129718997762
0.176397955320731,-0.228569582293679,-0.0685525004696794,0.237171730537484,0.0845754604597517,0.237011308601283,-0.301218810911706,-0.182951777908972,-0.341765340512676,0.0357219627644608,-0.362855118073717,0.361916243725819,0.398638468026238,-0.186527377232053,-0.0312980954261004,-0.310389488156596,-0.141072199118909,0.0249862614548371,0.413684643727317,0.0350728230714086,0.335321528979999,-0.0786735483984018,-0.0681309029184682,0.207088410832245
0.182344382758876,-0.0324921983454791,0.0645082455912315,0.157219215397624,0.233253331144652,-0.213521356740712,-0.200233383768428,-0.291010105877302,-0.290606139146172,-0.11555135348232,-0.191124071698891,-0.286689257346717,0.140292694440173,-0.161912020844792,-0.234641898605102,-0.318387755300026,-0.167840963502235,-0.0127099973304316,0.382393221770534,0.209752929639774,-0.222532652564887,-0.033805763116894,0.252305548308389,0.137495166784628
0.225825268348724,-0.267366278614022,0.232136652294642,0.0302848586177776,-0.253451721717056,0.182291126561434,0.0521296558591288,0.0675814333197003,-0.449557823467025,-0.194560332135464,-0.17102618130453,0.230663694317655,-0.570569199628874,-0.0918016729554198,-0.137190101035042,-0.173910436132641,0.268877755195626,0.051253112881838,-0.109874256175669,0.165982201056505,-0.0683038506790828,0.0964176593017103,0.434902425963154,0.480157367887741
0.225709994035765,-0.269914651300175,0.236782304357233,0.0239057372965236,-0.257042389570151,0.176133888793079,0.0577658672545151,0.0710269782152748,-0.453685780299275,-0.189631395609038,-0.150667594649058,0.227989281521494,-0.57766113535326,-0.0918651703234837,-0.144241267279468,-0.179923650116478,0.265002934144691,0.047005073009712,-0.11749527014967,0.166574870819821,-0.0849597717017198,0.0978912714790362,0.439221466683222,0.484160400325968
0.100054748717495,-0.237613870235203,-0.0866023147128745,0.128268442794567,0.0177211347276087,0.228640231506665,-0.345615049037718,-0.140078632016777,0.278901768346783,-0.0441523636995915,-0.39178362637038,0.315830931534709,0.273186673691589,-0.174274676458161,0.0204779090141816,-0.294147038855021,-0.104455971286206,-0.127564348239553,0.267575659854677,-0.0495356154727273,0.275112852972014,0.094367782675094,0.0349431808906799,0.190737287662005
0.102865549472916,-0.247466310972441,-0.0904364294867801,0.160997061802838,0.00566093353466861,0.20541649612775,-0.342933491685186,-0.146343205388237,0.289642107163335,-0.0197535673405095,-0.395035991548113,0.347430650500751,0.345336597611321,-0.179332284087889,-0.0252619268196016,-0.270543234805406,-0.100450389510858,-0.0952360257981386,0.286508818233062,0.096287121720423,0.300836368426422,0.0670105742652944,0.0563593741237161,0.205227569988441
0.101837776057581,0.217721561439163,-0.0797115601147279,0.0904067367135999,0.0475504388798084,-0.245735849283165,-0.343041984581302,-0.147135168972104,0.275689537250667,-0.069615194608318,-0.367446630627838,0.295512977362017,0.198786855039262,-0.180362660960874,0.0861185234106358,-0.345450201470321,-0.133595322967241,-0.158466318896421,0.279208633304581,0.00806625952444927,0.251440338893978,0.099113325451296,-0.0100728602705428,0.166668590522576
0.0824988617672548,-0.199376807282839,-0.066934014186952,0.118769962734723,0.0440325900454596,0.212749549052467,-0.329728789902461,-0.175135168150452,0.301969866061317,-0.0357097295668692,-0.379910873671692,0.317124113867924,0.261920374305841,-0.195123612109403,0.0805733969158384,-0.376479575694435,-0.177163728879855,-0.143634581365351,0.340173330579873,-0.0396819826528513,0.319340301275222,0.0716106912038414,-0.00528100056958354,0.156649993731279
0.191788143346971,-0.271681687826407,-0.0688370676907162,0.262223747898967,0.0552360346239649,0.254112413908236,-0.315906251656156,-0.152765689480504,-0.344422194575416,0.0372069506714344,-0.38208441146098,0.349396757273084,0.385766952208579,-0.158803825362933,0.00733045118369521,-0.253946503420567,-0.0973038332935289,0.0163511395491154,0.355439437535672,0.0470622031322538,0.301429297008344,-0.0571336708864263,-0.0704538623950259,0.240124654904621
0.132121797178471,0.196497317596722,-0.115942021183565,-0.0181409480598943,0.0626586681247298,-0.26519440527642,-0.339114026758671,0.0878745287917332,0.233965938706616,-0.134480810758381,-0.272856656650416,0.26022191390167,0.0470852650281737,-0.152221769282816,0.142216306618425,-0.327281854523458,-0.0559756289331792,-0.157698644838159,0.191521701782412,0.118210781411479,0.0843265089721927,0.131615452104288,-0.0177239396409301,0.14510572839258
0.131122498374344,0.246103656762904,-0.118402419845726,0.0539443260538505,0.0239992602703419,-0.279317614600301,-0.359893989859338,-0.0806893905658001,0.236308532765854,-0.0950272722004256,-0.350436593293317,0.269240385337197,0.133612173843961,-0.142589020655388,0.0525840869585263,-0.250859964921275,-0.0203992271108877,-0.137134284721205,0.166684824673947,0.0519905937158019,0.138861553615943,0.138007256144314,0.0314372839305261,0.188223243235903
0.0380217321534723,0.122312218784768,-0.0409669260713413,0.0820699800660292,0.355353785981962,-0.282748278128816,-0.0704541417701555,0.140788430902492,0.272254365220701,0.0791565628015066,-0.00781234174225824,-0.425027182699739,-0.0617054038758502,-0.111656138045638,-0.235238956185593,-0.236365848666336,-0.0542630590157433,-0.0165590799920383,0.287308044373615,0.323754741361516,0.0585657518831237,0.0246517917859001,0.143769318488696,0.0829482212157572
0.0519454179782245,-0.139018886907538,-0.0268228261392285,0.104557920596232,0.35306704799958,-0.28847086501347,-0.0316292307415093,0.138320703538679,0.232529036032268,0.0904547563784516,-0.00456339126562504,-0.426031288211016,-0.124903966811027,-0.0409052640730643,-0.243860083461506,-0.169027226035928,-0.0547168068676812,-0.0450473354882063,0.20667537612611,0.350021042439809,-0.018082562649676,0.0465961744745319,0.192543821565493,0.0695049356877172
0.0463999266600715,0.127169615314781,-0.0406804982581304,0.0909814315505079,0.355482684078834,-0.285417812999548,-0.0558869490234297,0.139010318391396,0.250010541558264,0.0878357949886421,-0.00377861914048818,-0.429376575010267,-0.0942691920058848,-0.0748890363523701,-0.236133684291554,-0.200296430925901,-0.0540517944006082,-0.0339440459400486,0.246716044058203,0.336328051379819,0.0201980707548436,0.035460053532058,0.169031461402718,0.0745258729532369
0.128317873705192,-0.00662442461710762,0.177999053423106,0.175542447804997,0.0174753608231149,-0.0454427828966575,0.188520660911707,0.18584191660253,0.437082623420009,-0.274035770593296,-0.0108342768072322,0.352717933486233,0.373597551900248,-0.235336437206811,-0.260227742134607,-0.360086665707939,0.00457934329301106,0.011121543098306,0.298749563889873,-0.0671385850844743,0.163933632387275,0.0531477955851986,-0.0457939267557176,0.291941003575183
0.152362361156121,-0.0148370755497833,0.164990286145368,0.158314740609308,-0.0236308957930797,-0.0232453195772228,0.199382468554826,0.148090797748818,0.454827981391112,-0.26882635616924,-0.0509917526967361,0.357512974808529,0.385838474940492,-0.228101574746914,-0.274574041457865,-0.350448178738029,0.0158669727566889,0.0343577356106709,0.312542357170465,-0.0497071885956095,0.152237624526001,0.0386645843924491,-0.0513148498240925,0.318127583747607
0.213583904825262,-0.371589555382165,-0.102083157204099,-0.279816300376087,-0.0201793439861774,0.258297818748271,-0.338278006998254,-0.0886166294603927,0.260379215422449,0.00943560971262942,-0.382080807898734,0.295905488445207,0.336953880023572,-0.0979363055624759,-0.138048322675571,-0.0559488129757088,0.0670370372654813,-0.00282905642791479,0.128883105237292,0.00221804066189133,0.146513186482661,0.015628123355729,0.018354002255437,0.332837346064735
0.237021644186628,-0.363247266515953,-0.0853609668160854,-0.301665486235823,0.0042949946907885,0.279178943814837,-0.332458485960791,-0.0991331638818603,0.294178276522271,0.0276369836102204,-0.393684859821426,0.290472397422173,0.30457337331577,-0.0894979002887829,-0.077444827228129,-0.0839114599554272,0.0393184665554772,0.00577298906685467,0.168501672584249,0.0819878724824502,0.152103102223772,-0.0128533010786573,-0.0581635700154275,0.336356036793469
0.218900257604777,-0.364348185306973,-0.0893626361309764,-0.296152232557055,-0.0082193054805661,0.261237516406486,-0.338449542890072,-0.100969554925623,0.295467686465818,0.0274070957376603,-0.392036818714154,0.311972544024897,0.356972556560818,-0.104312483265565,-0.101834125882074,-0.0964537896321763,0.02826570050748,0.00176036220680202,0.185221055715668,0.0213243027184289,0.188378833023083,-0.00839332265753341,-0.0193954841688339,0.322488393091546
0.0617542904289156,0.100468900419448,-0.0514593925601934,0.0946197253958991,0.350175259850375,-0.280940706411686,-0.0955094011679762,0.138144419646987,0.273985936033258,0.0739156291042705,-0.0116961532890805,-0.438517967302044,-0.041538827806833,-0.105428429655446,-0.230866205471177,-0.223018086469924,-0.0318363297452953,-0.0234656146583009,0.282142930528259,0.316269706224842,0.0593346093477134,0.0191005825180047,0.137044117825988,0.0953505832085359
0.0814698737778017,0.087131624590337,-0.0536451918322933,0.0996337280581132,0.340518542428147,-0.277005510489995,-0.120267680676931,0.133188822148295,0.297918161199329,0.0593828719760699,-0.0216576405089512,-0.449724894961472,0.00818431069719693,-0.128763872683202,-0.230788139699332,-0.233692790397879,-0.00824455769191805,0.00190130112767118,0.313354065451192,0.30358560062268,0.0856396728187954,0.00228041085569978,0.109644084361394,0.120089539682181
0.27438800455628,-0.101593988388155,-0.0426245558115096,0.150562188036268,0.172212483089459,0.147239240579668,-0.17522227306012,0.0481146950620233,0.345891816823737,-0.00651411790174427,-0.115817648918457,0.379226186755765,-0.414486489330655,0.232076006410688,0.00468462706667355,-0.0972951740758208,-0.341470287019074,-0.303825013180208,0.392420620354391,-0.0913339173683982,-0.136019168436048,-0.124334607572226,0.299043133361329,0.489987035041314
0.299636293016987,-0.0998638598860314,-0.00887682402675413,0.134908938858805,0.165605021230165,0.132711980547002,-0.156892701291222,0.0614931369341069,0.354627969698214,-0.05722767873092,-0.108964428577127,-0.370811506366212,-0.425226958044433,0.22138448601042,-0.0261390630708104,-0.0995295023446954,-0.342612044905785,0.279107701690122,0.398117800151589,-0.0943664950494244,0.153966297249891,-0.095817034919505,0.284757953647403,0.489566613111409
0.0668432650919716,0.118614735937058,-0.0381280397209626,0.114441367355644,0.35002839302548,-0.285520353272323,-0.0602736312002614,0.139945976969753,0.238610116139902,0.0819608819438878,0.00381534660069213,-0.438017588472433,-0.0944327722379834,-0.0480977645320936,-0.238741956014929,-0.170732404053518,-0.0387916536066984,-0.0504435036756909,0.212311608490042,0.33599262327994,-0.00233837779172345,0.0386883825943175,0.181363135293849,0.0777975296992114
0.0806393613593882,0.0937102461548416,-0.0504761532622439,0.11337683354902,0.346501152586109,-0.284161516805348,-0.0985072117770055,0.137102208277599,0.260854544216457,0.0690373974264919,-0.00581939686385685,-0.448089264985926,-0.0458036603315715,-0.0807944063696328,-0.231267663101919,-0.191829325277028,-0.0161659790082069,-0.0375621386116228,0.2486896338083,0.317451305268687,0.0348288217712744,0.0228666327878665,0.145996802882178,0.0988695582973306
0.26722479619943,-0.0794191326221796,-0.0233270852156461,0.149681080280728,0.195369413728607,0.176359672402583,-0.198474578467884,0.0682150311187199,0.383827073949442,-0.0346316753793812,-0.096171850937863,-0.406301136570605,-0.369549921936794,0.215085894263283,-0.0945992168408149,-0.152009809221982,-0.292075173834445,0.222422296963835,0.400788855690021,-0.140825793009938,0.167633870185081,-0.084820100623004,0.216024256505951,0.422810082434542
0.0811590804028696,0.118298916565191,-0.028714815788634,0.132213085069535,0.345648247502848,-0.284859755794984,-0.0590923594354977,0.146704952860328,0.22847388266471,0.0685914293977502,0.0138626367604035,-0.442095283451145,-0.093206439513753,-0.030768647707188,-0.241942626043213,-0.149642451572927,-0.031369484630089,-0.0589615396915942,0.185763617218452,0.332115402352695,-0.0204016619506231,0.041271410172733,0.191637715578384,0.0772542121667211
0.0960428866988828,0.0882275021648987,-0.0495788645353169,0.134095635152047,0.342725398089488,-0.283892489712606,-0.102277909262036,0.142063899653325,0.242313084794278,0.059612356424467,0.0061770303508146,-0.455130479680093,-0.0474130552743433,-0.0560122977809872,-0.230498354609179,-0.162120207418565,-0.00668323684677399,-0.0575065070638277,0.210388340384759,0.311820371623719,0.0136581233199395,0.027022444061517,0.161099918177221,0.0932458662161052
0.131020422106064,-0.000916581368471631,0.21547448846834,-0.194655443910689,-0.0508998086211969,-0.0101856793824707,0.0983569257727863,0.104912187147166,0.40693878545044,-0.321107656343271,0.0215685868923329,0.336114460531429,0.392076289815191,-0.211871108590611,-0.232380327477942,-0.298339587903007,0.0660174035259232,0.00936557371884632,0.21227190255705,-0.0781076397820931,0.0568907709573554,0.0613493161972696,0.139476811788631,0.35445591570104
0.138410258794489,0.00677656299274757,0.204144621911536,-0.177094104562175,-0.0646341686253889,-0.00727436166943382,0.100859373995439,0.0877458334581749,0.400061393909989,-0.322186438072362,0.00712544012774506,0.336119557640755,0.400800950445667,-0.205236084054675,-0.233957014191541,-0.290500284448967,0.0704570444338561,0.0310973993503398,0.213430098847483,-0.0648657848433985,0.0450014724251437,0.0524035638264937,-0.145511441681165,0.353882148390425
0.142334929152721,-0.00155564646014286,0.187800888577968,0.168188763406468,-0.039320019915127,-0.00249467892893789,0.14722712637737,0.12505606240755,0.426635907901458,-0.293917025220506,-0.013884850089078,0.352322457698106,0.40418071414595,-0.214285060215642,-0.251017295228468,-0.325919768215251,0.0366914526870843,0.034689864800308,0.265503115260545,-0.0645707766893114,0.101597841412274,0.0468539537751907,-0.0988695330423786,0.329793737484786
0.28388356423883,-0.157741498012167,-0.0828927785689604,-0.166787132694233,0.193866262114048,0.2431290062593,-0.261604205179415,0.0592219899245776,0.32041043139398,0.0171013271194554,-0.110721560462607,0.399487242987126,-0.335694962134514,0.225566825770299,0.0180700961769524,-0.091099192263199,-0.327239766354608,0.264966827629245,0.339839577018507,-0.10241992971925,-0.0853088101736853,-0.1400285435687,0.284256659373908,0.44007608350963
0.272326039622345,-0.139247090142659,-0.0728745475848812,-0.166956140294176,0.184094556227248,0.208129167566208,-0.224329143667039,0.0534930534582727,0.32691215353978,0.0263660386669802,-0.113564384248481,0.379896884159415,-0.361607051218596,0.234116736649585,0.0345545106906611,-0.0861301315867996,-0.338748265973412,0.304431070876144,0.355098799362038,-0.093897231671185,-0.0924429898985948,-0.145093461555015,0.296873078416343,0.472616779812623
0.279991848274063,-0.129669858127079,-0.0846888449727205,0.158184747164237,0.210052668131419,0.238986210790606,-0.275656016386506,0.0574371751270626,0.336908292146649,-0.00473016931465776,-0.10173604768913,0.447815174103341,0.322912772896749,-0.210578515786262,-0.0480308364707085,-0.114668231781171,-0.296064861523637,0.197893730509273,0.35120220617678,-0.132285102886318,0.107987456547004,-0.11550314515448,0.231573510530855,0.395610306368373
0.2763079482889,-0.124872235696869,-0.0740858134005813,0.15874433604426,0.190746404382851,0.207028049898124,-0.244105015493881,0.0467066409053142,0.348498957256495,0.00665936605853441,-0.112920586248356,0.415267740767472,-0.358982060284158,-0.225845326280928,-0.0215043097951086,-0.111267748711444,-0.320529244904692,0.257532487815277,0.373104699065225,-0.11976721089386,0.115887133443156,-0.1302948511086,0.265836910105052,0.441352203460148
0.271867425161737,-0.109058076913612,-0.0577888772264991,0.157052785888178,0.18200613233555,0.175062201026368,-0.207834439378523,0.0487260628210424,0.354368112506168,0.00397889271707699,-0.113402681065387,0.397238900155187,-0.389208865227518,0.232022183734449,-0.0105322332301982,-0.108818538793891,-0.330459573914731,0.287361895417686,0.388383688834175,-0.106503214684967,0.129725868672236,-0.128335532733799,0.278663736508837,0.468342238286214
0.187033084223139,-0.0177238919297295,-0.0795939720494121,0.143204877271352,0.294343326381799,-0.270085289700012,-0.229582113042592,0.102271529725775,0.315974806369996,0.00917807119614332,-0.0442133020922594,-0.486725319950794,0.143705071799968,-0.146658398949907,-0.186776064008724,-0.177499089831721,0.127564554326036,0.0230792846013014,0.311057531747681,-0.238455605928336,0.103796550553261,-0.0374069793928122,0.00312002945735604,0.216675627583984
0.265917224496906,-0.0913319582033352,-0.0656845413496818,0.152819093040901,0.212565228224756,0.210322114385358,-0.244456192998889,0.0600886822965204,0.369364872925758,-0.0105581559852959,-0.0992075168503681,-0.446629464742296,0.337445556677646,-0.214966140221455,-0.087123633052236,-0.144756622172618,-0.28022054881442,0.204374851800793,0.388445810321438,-0.151279046530909,0.141507030230017,-0.103690161348908,0.201528254887794,0.396148530881316
0.271997357930166,-0.103900895738855,-0.0590138313064142,0.154171364688324,0.190587822946162,0.188224708004545,-0.22722443375438,0.048067508583605,0.366191105538671,-0.00596773609465832,-0.110812556661947,-0.41579719689079,-0.369769519435887,-0.223602234821917,-0.0513569351795398,-0.128566497030025,-0.311974800983381,0.248391824267169,0.391745751408425,-0.130345548315417,0.139627237990233,-0.116766996752337,0.248704971328712,0.437603602941918
0.103795784757454,0.0887872848599619,-0.0453266325117231,0.14353376460409,0.340237892334348,-0.282748525459343,-0.101543806708826,0.147235181129307,0.233075658905556,0.0507149981607436,0.0133506469130634,-0.457594805915289,-0.0467488521902605,-0.0450338750768393,-0.230457217086715,-0.147629170227264,-0.00327866299018895,-0.0635111213542435,0.192144496806256,0.307445521698232,0.00262126005304519,0.0292043411770962,0.168182973519267,0.089840131811645
0.135841476588368,-0.00959013107465419,-0.221686436894094,-0.204098741685537,-0.0491435958264542,-0.028409985609949,0.0967138711263992,0.107892641410699,0.410642554246361,-0.330353713437296,0.0181912873786767,0.333157308932006,0.379861474720861,-0.2248332382919,-0.231698397232903,-0.294259449346984,0.0730522575727325,-0.00545316716353064,0.213362561721641,-0.0855035566216197,0.0611124817866412,0.0638586939243716,0.142057280327366,0.371135846863782
0.137288356946974,0.0155556678455458,0.206342333714093,-0.180302232135942,-0.0840373770118059,-0.00350159577219688,0.0726341663787178,0.0484400348130664,0.380734929424329,-0.343967585147458,0.00601221121464358,0.323059321437083,0.381501837684062,-0.208459698567442,-0.227057156175488,-0.255837182381003,0.103897448527795,0.0246502257310028,0.178950074599763,-0.0537060064617665,0.00587195332292995,0.0534015094137246,0.177573369263194,0.381467066987866
0.150837439141087,0.0428884851739943,0.182284962582302,-0.134494691775308,-0.11364446709154,-0.0469028104138854,0.0592365647483173,6.66678096128909e-05,0.345314603583586,-0.357408934403488,-0.0211993988664655,0.32372391918669,0.394576425525017,-0.195640326200161,-0.217765725783427,-0.218744034295029,0.124954318787282,0.0656849514049817,0.171976860113906,-0.0341695363968855,-0.032847730127245,0.0358675477778773,0.213610368116054,0.384314199085352
0.135969523119332,-0.0221058561023933,-0.227064355382489,-0.211412790135809,-0.0183934493660037,-0.0431218419654608,0.118512977194452,0.150575357860871,0.427804489456801,-0.311153693957808,0.0286607047576341,0.344598533449632,0.385456012096807,-0.222263892683111,-0.236531062290059,-0.320730018776829,0.0481844246444595,-0.0160164206779607,0.239683215680825,-0.100178192872195,0.102432713704854,0.0721109232363439,0.110688171212157,0.346019107025012
0.302806120162795,-0.159773214980454,-0.0922865901217004,0.155132885681316,0.224836137472641,0.274364198816357,-0.299856393985543,0.0982927380656026,0.281790671464316,-0.0275897991625784,-0.0809875510736566,0.473895190386801,0.314521057419118,-0.189670119774493,-0.0133151865479982,-0.0782568849855312,0.285029317189036,0.150792057908002,0.29621074375038,-0.0812333931184988,-0.0882298108805236,-0.0953799081602268,0.237001420654894,0.355836587484764
0.295543875381957,-0.169075745949338,-0.089193987089908,0.163191610118991,0.207880988610753,0.269570257744725,-0.289873398733209,0.0738984219933209,0.303181888090025,-0.00227389555769713,-0.100819323409768,0.428901931159499,0.317525404430525,-0.209618284979717,0.00187679367702918,-0.0894164328455341,-0.309826923394225,0.208618004183793,0.317590083057553,-0.098859132135055,-0.0835100580883335,-0.12241860234555,0.267277497927171,0.399280771655969
0.285988459965722,-0.127539467295467,-0.0924412087536012,0.156010772888906,0.225535828675073,0.253986636365149,-0.296754127283903,0.0749931138304235,0.313385642188173,-0.0271802647410009,-0.0816934599292896,0.48613164626665,0.304322835431083,-0.191370191339517,-0.0638034130853865,-0.101203313195962,0.274379255857159,0.136270206508662,0.320558698791772,-0.121441091408038,0.102771330356523,-0.0945800903252443,0.19765434046054,0.350079408694536
0.162019534550844,-0.0395579253830718,-0.2306091825003,-0.200068797606232,-0.0573011118758834,-0.0645125520672206,0.103888117493511,0.131445608551196,0.409898132327363,-0.37491909282941,-0.0028494192772464,0.304314401930493,0.350394857596346,-0.274653656041093,-0.218084187214927,-0.291654433592261,0.0754350775515979,-0.0171405967233279,0.233433763442803,-0.113981508899124,0.0726535281272889,0.052861705835229,0.143599187718751,0.405104578916882
0.144387671692619,-0.00481519836025874,-0.213236693070827,-0.197488264085082,-0.0740931317558607,-0.0409323406950199,0.0811432517835756,0.0713173772356387,0.390796940707422,-0.361306744271104,-0.00693132208708034,0.315070552790821,0.350461904980436,-0.250141962100027,-0.224907977485569,-0.260388187061208,0.101517502985655,-0.00505187262389474,0.19522908341043,-0.0732937839675845,0.0279413449367824,0.0509110234604587,0.167717506773415,0.410845058615343
0.135828953759883,0.0314343591477441,0.192468682680857,-0.17192937211167,-0.0914789011754033,0.00838276978086484,0.060440909416609,0.0142210078759508,0.36400398046226,-0.360279456454307,-0.0153982370601702,0.323483813854044,0.354978491751314,-0.228855645128705,-0.224690782740438,-0.226569868694911,0.126852721959825,0.0181948286430364,0.171229048291829,-0.0414129828209967,-0.0120160089372909,0.0478335755738095,0.196387932159934,0.407565632442742
0.147218101041374,0.0577551211290529,0.174089283624048,-0.12913271090425,-0.122872591805641,-0.0228460653387792,0.0385505443058237,-0.0545626816982349,0.32174328205241,-0.374520397163745,-0.0368715544159272,0.30828951776854,-0.348410015090097,-0.203922424792805,-0.21985932909271,-0.170784038904955,0.168845474499476,0.0541159787539534,0.136700521836331,0.000283354705559956,-0.0676295938758305,0.03970685701489,0.237831383984556,0.413974379600547
0.254576711728316,-0.0487375105357514,-0.0533595002785646,0.122553621136451,0.301242828743277,0.269499068409603,-0.217164295302687,0.238546836352684,0.202465607687176,-0.0483863179444494,-0.0102787405374972,-0.52460901146084,0.205056428036,-0.0995296886853936,-0.0602376153230595,-0.0697532471964222,0.109998547989711,0.0471809852773334,0.219028147585072,-0.0830327695299743,-0.0543793605478732,0.00130066906780792,0.0364599280176894,0.184920156790276
0.159810311591708,-0.00556733232009196,-0.200413426015998,-0.181888939315648,-0.0888943285014368,0.064892619887941,0.0783464367663771,0.0558680314946573,0.367008986765675,-0.394688013302543,-0.0360930822177722,0.29401205008567,0.311477291820101,-0.289071606468672,-0.213586187985108,-0.230102418991264,0.115704637047887,0.00182546956774519,0.191286896836544,-0.0649237236733141,0.00510850121118772,0.0270593736054354,0.178266139065236,0.442871146938347
0.14329170325981,0.0388816582619665,0.174662261837411,-0.161763931824109,-0.0999332644301262,0.0387365749602805,0.0555487363158062,-0.0213081986562707,0.342888492667596,-0.377059283540952,-0.0472396605074225,0.312184444186309,-0.309300438768603,-0.254714509187187,-0.223495971542642,-0.187277580846133,0.151873751920163,0.0174083743240113,0.157733571070259,-0.0136244693472529,-0.0365123819787214,0.0335899783286659,0.204184913654933,0.440198969999661
-0.162602573184684,-0.0213115593652876,0.229837353367351,0.149859745689646,-0.0371413531279211,0.0837110798531113,0.129207871275024,-0.223671230042441,0.165129001524394,-0.209288185818663,-0.129024651439539,0.192101935751879,-0.109281459187381,-0.0752661966747006,-0.175655735758526,0.116057237515088,0.293184251482304,0.0878236179968756,0.0534646168567239,0.100455262286651,0.0560276160832506,0.116671497159848,0.369765245333522,0.379418254541578
-0.168107087143189,-0.024003184592667,0.249258592194038,0.166543469773923,-0.0337193893969472,0.0467398421481081,0.136703582594605,-0.18363232299355,-0.147516498514934,-0.2089574204664,-0.121456134868438,0.199231478467055,-0.148066317362747,-0.0771046145502703,-0.143679579185489,0.120263104435252,0.272290687901678,0.109254516566238,0.075221703157286,0.0369690329798019,0.0365744307578585,0.103989418616074,0.398292753749299,0.368462960310286
-0.156006344512187,-0.0277778962640732,0.265494363006823,0.169686287280367,-0.0147169311284253,0.0163141477569127,0.158287626262827,-0.130134873425671,-0.143382208952943,-0.190896437917869,-0.109808214680438,0.211508293532265,-0.186386512501543,-0.0888573899771628,-0.111745110750489,0.104801215319814,0.234497311926341,0.130451385342718,0.108405393943861,-0.0236188110802772,0.00134476988798856,0.0867807884667651,0.406017353093358,0.351013649646537
-0.19672524517544,0.00692065867857671,0.220358535894794,0.170049587667446,-0.0723984347763866,0.0394083053508331,0.0943355487346709,-0.238335408415249,-0.143301830388589,-0.25886207882109,-0.145963518387779,0.195906412904585,-0.131845828288196,-0.0742182538413411,0.175288636937409,0.143717735851456,0.316454489291765,0.105153885952282,0.0555122050314829,0.0935078562215063,0.0843348182161704,0.106091296785489,0.397011788408633,0.399551306334423
-0.162067210441833,-0.0194871597020015,0.178132587280503,0.0843974375351993,-0.0275553602633859,0.170679263801418,0.169037762521371,-0.228031545236874,0.254451979233345,-0.21794432753332,-0.132417126124564,0.241269636387217,-0.0350615820027256,-0.124956228460283,-0.24923813249824,0.0735349789006821,0.289256057481999,0.0596284073330939,0.0516143419624195,0.209359930210118,-0.088367326220774,0.10721136653485,0.238155160133369,0.417057823879197
-0.139652869955888,-0.029902019867862,0.210857150480359,0.112874592194649,-0.00932863365544134,0.145021653430705,0.17261342523297,-0.218503164652242,0.225887576212474,-0.183798322392901,-0.121986098177624,0.2147947186301,-0.0537203244075017,-0.0954267358463031,-0.222801342398297,0.074145235430098,0.278841945431159,0.060536931881978,0.054751666031242,0.164304162310329,0.0533225113382422,0.125455538765226,0.287548271699502,0.38252926168939
-0.123922102834851,-0.0463644679489234,0.236308001232936,0.125968434318859,0.00364587424021473,0.124022546181305,0.175934715824869,-0.191029860222432,0.193018716646133,-0.16076259103031,-0.10561672799896,0.194835843028538,-0.0833311301801162,-0.0837140365151079,-0.180007590460033,0.0737327231646987,0.258973284643464,0.0680999613858155,0.0564514473344169,0.101571425677356,0.0272602004138663,0.124570119466478,0.331797856061964,0.355021585123793
-0.114811378739655,-0.0549016191317058,0.251603109828953,0.132314579230275,0.0115192419739812,0.0957808813669041,0.178385908639086,-0.158698576887715,0.165659669989259,-0.146604183988344,-0.0948520968368216,0.192310841155677,-0.127323230152903,-0.0846302161800705,-0.137007392698968,0.0707700333269494,0.232303528993762,0.0855957455949412,0.0694593108470994,0.0392405701166741,0.00503309445933282,0.108827330927814,0.365351991182114,0.336914552977984
-0.163518310434761,0.0168531867060126,0.169316024451559,0.0882483217120656,-0.0538904475318517,0.129634560032653,0.114006046678058,-0.270634887201917,0.218083286435449,-0.243281252686036,-0.15034052181442,0.220585024498878,-0.0645691005011732,-0.110926375583284,-0.242040059321316,0.0931544369602644,0.316400140531048,0.0675716126510676,0.0422264400872584,0.213540405036726,0.101899806253219,0.105003828001762,0.281372444500196,0.422460671092279
-0.162387418685165,-0.00796968022815822,0.204009178091557,0.125467579612484,-0.0432786215397178,0.114305473407712,0.120792032000507,-0.25377934077154,0.18616619411764,-0.220536088797332,-0.138444084600646,0.189932144758367,-0.0724695887015522,-0.0823940087268877,-0.209563807019046,0.112483194116833,0.313342319601596,0.0762694579069672,0.0364235289428567,0.166880911926908,0.0809557987042812,0.119344887638018,0.328073362412397,0.395986613803329
0.179643622489022,-0.0638746426858267,0.183809193298081,0.0837946572487295,-0.0177763440223276,0.201613795731953,0.22652858628436,-0.163560771518985,0.290105618101821,0.221628652387265,-0.10556690969576,0.263969444598411,-0.0158670488378639,-0.157075561284705,-0.241087705294587,0.0541024163319846,0.262091681427298,0.065231799632637,0.0644473233118415,0.177188051753441,-0.0904112991580956,0.0948433836161672,0.202427411485114,0.420619180941057
-0.132842582548056,-0.0590576278037176,0.216494624082278,0.103306043698348,0.0112744818985008,0.174653773613115,0.227442526293929,-0.165396300927671,0.26403488270283,-0.169089411788645,-0.0976541435984069,0.231016035339412,-0.0282287255646298,-0.11693314622649,-0.229310222858829,0.0408966165497934,0.248489630384974,0.054723924827506,0.0644969004168547,0.149926839167968,-0.0435378868529068,0.125274717996914,0.245038070599837,0.37414414049095
-0.0977618756749219,-0.0659679518030484,0.238912595145937,0.107634475142743,0.0321371988552241,0.154124191631552,0.225738964323415,-0.147484657198231,0.22768216789197,-0.134244217387859,-0.0822291071781764,0.202572181104779,-0.0542790475267864,-0.101042757808511,-0.191328599102849,0.0296001067403521,0.226977252757603,0.0525642364408266,0.0626090261947815,0.0971594025419991,0.00996430655574132,0.130146458327161,0.28894777514068,0.338315749770943
-0.0625380350476361,-0.071938621737733,0.247262269026379,0.0983339614494285,0.0521571568035172,0.129286969595949,0.227470307155102,-0.116333989108878,0.191123547809073,-0.103333997977942,-0.0665806376974801,0.192976799540308,-0.104318322821718,-0.106949415933194,-0.139118724458691,0.00731250592904231,0.189616794585273,0.0602534151734918,0.072721006722466,0.0296529607921574,-0.0228437057393307,0.111896665354213,0.327536113125715,0.310014458515864
-0.0549846296785934,-0.0665858338546134,0.245076552576084,0.10074738330564,0.0558922690876376,0.0891847240074425,0.21648099376477,-0.10307205585741,0.163644094129391,-0.0885250194061846,-0.0694074842816253,0.210602003139934,-0.174725488178041,-0.11410677440034,-0.0960940442313588,0.00296703442904166,0.160977526633547,0.0883737822840499,0.0996885254900033,-0.0173395095537073,-0.0439388936079747,0.0807660469226334,0.359822185853951,0.303134746849474
0.319515933035228,-0.124202405277008,0.0967986070212536,0.00618820084866345,-0.0723461218270657,0.241150864644692,0.223152015521576,0.0127471423887575,0.309734662215567,0.378007521684276,-0.0627631858596728,0.340454221493181,-0.0670354867127224,-0.344830662528082,-0.110436057146973,0.0674502393270754,0.244134866338096,0.152001646160822,0.144227758788235,0.0351388177313816,-0.172245597929512,-0.0809967686327976,0.152494858152866,0.50969042467093
0.248690200971696,-0.115339221133511,0.142111009302563,0.0427328196532746,-0.0369231923470689,0.227871723743145,0.280783593139284,0.00732797050458153,0.338671671116052,0.312063106576185,-0.0496336702456546,0.312444456200228,-0.0282860073952341,-0.294827597964466,-0.161430125904999,0.0223905408369033,0.227458598818719,0.1297157747366,0.127771030655761,0.0512229829797741,-0.126345835782514,-0.00280086380741983,0.14949955124761,0.458793771582761
0.0634237715273947,-0.0778047696679492,0.217059227049307,0.0550099193534048,0.047263571856102,0.178092128598464,0.302208048540769,-0.0323219348073784,0.292015021050056,-0.156628342639801,-0.0389262948025511,0.219351913337018,-0.0371273237217438,-0.199392575673716,-0.185424363391035,-0.0734687271825323,0.172913723508101,0.0546084365478443,0.0968349382840824,0.0296178502602201,0.00337917891383206,0.104565158535399,0.229017214694427,0.341397692886414
0.211809224415274,-0.0971027867117002,0.172943280053118,0.0729823596179428,-0.0230907234541535,0.215490575230035,0.270385202582802,-0.0855271278931617,0.325087342577025,0.257058264865838,-0.0760417958572979,0.298367725547115,-0.0208643795649497,-0.21764957919421,-0.213174503015688,0.0329575858002812,0.239555772504584,0.0900858033471833,0.0963009105165138,0.116288643803159,-0.102571086620735,0.0576011383176276,0.175420152414852,0.437643790635034
0.137576259972752,-0.0851678123619995,0.212558494397261,0.0888003220138539,0.0158110137420096,0.194589083423623,0.277573642205866,-0.0956152284653938,0.300665407774008,-0.185270522373508,-0.0695158457166276,0.247375249431921,-0.014348184288891,-0.164303745214277,-0.220762651409712,0.00402662062437233,0.221090308000515,0.0630568288161449,0.080719855076068,0.10996934108996,-0.0465017291328858,0.108423729004704,0.21044688997358,0.378696225063719
-0.0922590308301434,-0.0792315111694662,0.234989302452417,0.0944375300835931,0.0401432033484106,0.174225460775607,0.266526906808894,-0.103813263157204,0.264217327769301,-0.138539840348382,-0.0644155754500867,0.213980128427719,-0.0303234257821596,-0.130246558886828,-0.202855391081216,-0.00526929867326257,0.207063216773768,0.0487838567047368,0.07167257984612,0.0878838256593547,-0.00937677894130155,0.128046781719329,0.250333234550098,0.338755914994612
-0.0462981358307984,-0.0773836930803074,0.239580378925381,0.0785517311238316,0.0625093413299494,0.156019904258484,0.268813991873204,-0.0804874360147283,0.23542766701245,-0.107482983214088,-0.0500486458412558,0.19893049328621,-0.0649144835741444,-0.137368874775982,-0.165338404396504,-0.0377679214801409,0.175476654447745,0.0438975242781881,0.0778721071815794,0.0340344939915471,-0.0245759735074428,0.119992102757407,0.282318121931481,0.31058575027033
0.256217992205879,0.0462700100516691,-0.00629622646840161,-0.158138469226546,0.0333988967379558,-0.184398331819705,0.0241018389956871,-0.128533680479741,0.188060209817501,-0.405170088907299,-0.0291294910040585,0.328747617426294,0.137133550577865,0.473632728661781,0.0260703894009531,0.00358448912741429,0.157164188860859,0.193759056508232,0.271121457854613,-0.0489515238536705,0.123733515819701,-0.24670874972957,-0.106050614018032,0.461374044210625
