0.205075724476822,0.0201593899124118,0.124453680740705,0.0585181180852316,0.15859150634975,-0.275601127232857,-0.446502393661858,0.159411593848704,0.288601016874541,0.22161622300808,0.13275554867123,0.289069244300461,0.0722029922230833,0.325650286316176,-0.234112253691168,-0.0155566613467717,0.110267111060117,0.0561303169619145,0.223056128587728,0.131009414380385,-0.073182820915035,-0.00489208995745153,0.132415296832528,0.114285567662673
0.228747864772986,0.0182440480747784,0.12983987712952,0.0629261063688141,0.156793019899915,-0.279000839770445,-0.456109014015535,0.141852716751643,0.275417880594782,0.212881136739273,0.1111236349049,0.315648123603257,0.0702494802023707,0.324433738834321,-0.220817092908449,-0.00488628136352303,0.0839625358471177,0.0751966267721313,0.232525160488363,0.108602596737446,-0.0625188308858779,-0.00378813474043328,0.109177594129732,-0.104162635759415
0.238149300543113,0.0326921409030836,0.143671520906263,0.0818658960806361,0.123341515357126,-0.267704360659459,-0.498937374493331,-0.0190096799818727,0.221929864561941,0.207045704309933,0.00866268939876703,0.432935498712949,0.0847172394447348,0.349935732344655,-0.020964516232291,0.095604922460611,-0.0379641584630564,0.160152760331894,0.289877791555815,-0.0693174012948697,0.0449884119362113,0.0322419719752007,-0.0146079406847454,-0.0517556012652
0.215014511055373,0.029162428108239,0.137523759142882,0.0770809865294513,0.124982939701699,-0.260609304448749,-0.504873538106348,-0.0200179759641995,0.228109168404203,0.205966947747717,0.0198512515291818,0.425091398722298,0.0793876738098835,0.368119268698134,0.0189953920480467,0.118034111348233,-0.0471509092186022,0.174888472192397,0.31139188000404,-0.0794106396632502,0.041081145865685,0.0452832995112616,-0.0139646827036592,0.0436841996211514
0.260701217808406,0.0158688779221779,0.140196993462117,0.0622090445112882,0.154809794507822,-0.280085030746221,-0.465422473121951,0.119583677797341,0.258803173726693,0.201901122080984,0.0807213572882176,0.341661843694561,0.0682683541213475,0.323085924218558,-0.200918749263823,0.00803991467231013,0.052517470123124,0.0938498736914227,0.243774580537987,0.082935204967064,-0.0485711714688733,-0.00194224340718464,0.079908533459935,-0.0884036222045625
0.300940774502424,0.0124023013178116,0.166325709611795,0.0426292506609305,0.154782484019919,-0.270418886869237,-0.477541065741857,0.103365460168166,0.251177322793827,0.196736464537577,0.0459378064920312,0.347835521782788,0.0654990203610707,0.331991693615647,-0.167614821129565,0.023457744974705,0.027110413933789,0.103692783469569,0.258724223995663,0.0656215415132133,-0.0386545370669025,0.00202418563672312,0.0506100892647296,-0.067505099483104
0.308047843997842,0.0130303057162824,0.168754933215265,0.0456959425341315,0.145270075511664,-0.272231928127332,-0.486367200593456,0.0536294127834604,0.234410036865808,0.1915930096395,0.0165940886264755,0.383842534352374,0.0697293228569589,0.333979940588266,-0.115629790159605,0.0522109702477591,-0.00677182147825835,0.128893384710128,0.272574310138945,0.0100155584112151,-0.00737170173893032,-0.00258627023700506,0.0101082247046227,-0.0512102231491529
0.291761103949017,0.0145168541507709,0.169726874975047,0.0410384486018167,0.138657488521202,-0.26721643740454,-0.500536751388151,0.0118025088385093,0.230848679821874,0.193229729362994,0.00404171898143804,0.399449469406594,0.0709372527553351,0.350946294945565,-0.0432255843849688,0.0912362569747667,-0.0348448635382002,0.155111762421481,0.300403121095871,-0.0399892610466141,0.0161969253428041,0.0141728106554782,-0.0216585810298115,-0.0377548608065681
0.171330994017423,0.018071132180101,0.113897738246797,0.0677730104151938,0.147262491950585,-0.262510095714799,-0.42276521922699,0.162405775686496,0.296074479220516,0.240867306384421,0.150310643543497,0.286479038345614,0.0905072908860722,0.31495258763585,-0.247684449687505,-0.0252036032829275,0.153773015326764,0.0278728046612361,0.179399198780387,0.140072272636858,-0.0657647093849941,-0.00295102479446246,0.157925303434354,0.137825621018113
0.0136960555874441,0.025745849545246,0.0465819551720329,-0.230334058084335,0.0461678995638987,-0.190313580282181,-0.450163602743103,-0.02958440343235,0.176779646785651,0.21033287657987,0.0477902179854226,0.442215554436364,0.0917606490607668,0.374479280249964,0.106752865935761,0.10435778875139,-0.107702119424435,0.154011785186938,0.250820444081124,0.139328505943025,0.0875096104076665,0.148376478276883,0.057335753256683,-0.0493640827540002
0.195398317234385,0.00907549035672808,0.0907650234801514,0.105964707710486,0.137381556482035,-0.289732952472567,-0.432350744684287,0.111326953281767,0.257603862316531,0.208812905360696,0.123511952880028,0.377493806952598,0.0814219921300464,0.294297245864893,-0.230997294974939,0.00216524959528177,0.090023876365684,0.0996799788092127,0.193796387573913,-0.0612313555827416,-0.0423024490825463,0.00268454050599355,0.0994578495947746,-0.122917477522016
0.194183610392114,0.0155530343274599,0.107555469280981,0.079424697538752,0.146788987834494,-0.279982599546581,-0.43606086626256,0.142142161745605,0.278636689886616,0.219922890135033,0.133639346655772,0.32324704151745,0.0791757784730582,0.312016607132289,-0.23753939649182,-0.0115112624918191,0.110898163044012,0.0672714696221815,0.202720039351829,0.105945515843213,-0.0603705745754073,-0.00451228068890756,0.125265056887403,0.122514673408802
0.117122930567862,0.0440782937069263,0.0890861182368606,-0.170959592347585,0.0773556448674126,-0.242035197365421,-0.479211129732251,-0.0418282103901634,0.205532684699813,0.220255878939813,0.031427911396898,0.462141291665825,0.0972682534724871,0.35694936374544,0.0375393579405543,0.101437370096566,-0.0622942117538533,0.161659070045323,0.261760981929281,-0.115435320132439,0.0811359107793832,0.0806473941711113,0.013325342578224,-0.0736330369606197
0.0746176455547336,0.0362343915302244,0.0735592249313305,-0.18557225704318,0.0689448014010157,-0.219453662057669,-0.469040553299087,-0.037181532142676,0.19871918248158,0.216837987855337,0.0412550027787588,0.453076927046195,0.0945796617203297,0.371914886738728,0.0796738151066018,0.113021049431722,-0.0795552544522012,0.166408675621789,0.268493807213388,0.126543324824257,0.0820520216841641,0.108548060453679,0.0299700674163157,-0.0602621034154744
0.197907587334273,0.00824481058671355,0.0861716792368524,0.118133317373865,0.134967800010949,-0.295074818210616,-0.435564572084203,0.092502474281956,0.246318071332597,0.203057883033056,0.114445300906035,0.402515169502972,0.0813625672843706,0.288406038617597,-0.220174346667345,0.0113691851696315,0.0730326140229023,0.116844478391876,0.197062476761019,-0.036836998594221,-0.0308722465007084,0.0030900101382466,0.0833184187402758,-0.119469902397466
0.22150518475499,0.0161629820768029,0.108979139299245,0.102757347814997,0.139012339944964,-0.291490146428507,-0.456019193390612,0.0884509909744488,0.247939644689253,0.204565362114433,0.0921618944388733,0.390189767350088,0.078454115766435,0.307145483986723,-0.196482812492813,0.0161943800383318,0.0525889810138348,0.11168594078711,0.221711119385162,0.0405951947461393,-0.0260570592106486,0.00691713285230457,0.0733283578983539,-0.104786674677736
0.218336144318146,0.0285546257144041,0.113419465357952,0.124757463773276,0.120399117783362,-0.287955370289189,-0.475149265619024,0.022089963399289,0.224493500689937,0.206583679398555,0.0496392562149442,0.441394595337497,0.0866909985687254,0.31439699530015,-0.122836673463881,0.0476271093079202,0.0035747142611559,0.136712800920932,0.235317034180448,-0.0293660164991571,0.0231742232842592,0.0190421968820524,0.0283429133954442,-0.0913660933001272
0.209735569657762,0.0365897229521931,0.118862635870623,0.125903065958292,0.11259197709019,-0.277389952276418,-0.483284653674754,-0.014681546471065,0.213184349898168,0.210695192346722,0.0264907871134169,0.455506795682811,0.0927637802752525,0.32580699909059,-0.0675111948051568,0.0701408822103319,-0.0236789947579089,0.148195236902892,0.253378355033838,-0.0659362870075768,0.0517970566684759,0.0320131007097335,0.00703986538797153,-0.0779595546594097
0.183771482168992,0.0401403423980393,0.116374561047571,0.127812444265444,0.104034915120061,-0.262862113202563,-0.489182068233886,-0.0322773282848115,0.213007486860106,0.214802372684483,0.0215447575745838,0.455824870442958,0.0935835927683821,0.346565239730846,-0.00873523816017845,0.0935658547378428,-0.0432043667642161,0.160230320238943,0.271754965183255,-0.090479703213251,0.0646141798722473,0.0503331421278856,-0.000215506650126242,-0.0676487014840694
0.143215328121351,0.0381340203288078,0.105729487585833,-0.12565464147123,0.102251794585966,-0.243655343099497,-0.491236341531995,-0.0341330095658087,0.217651247836224,0.215512416011784,0.0329094253018072,0.444444416624901,0.0891521742364891,0.37403201085345,0.0552446006982258,0.122399897273171,-0.057344769641316,0.177346425497209,0.297492504227575,-0.10433802099767,0.0632422193549722,0.075692832176664,0.00731965188380457,-0.0529073868910197
0.10258669444099,0.0349130933312342,0.0902563823947534,-0.131455878060673,0.1003086082202,-0.226074480182927,-0.486152473514049,-0.0298096212330851,0.216951753205594,0.213213388540792,0.0467501974748901,0.435445266523453,0.0845126477005288,0.390627577937387,0.0986102221401301,0.1397827409777,-0.065645062130144,0.188069975963019,0.309381388123304,-0.111057743621341,0.05873373323539,0.0989407799383755,0.0229590112667936,0.0407110116454543
0.267799920098643,0.0157008468284757,0.137825630050488,0.0702941965598141,0.149706249641062,-0.283982161017832,-0.467401511579942,0.096168457682938,0.245837051121744,0.196444236525352,0.0651728399578488,0.367393435806033,0.0706504150715039,0.318111235803887,-0.186863944029835,0.017743725815034,0.0346097785110529,0.107399569046096,0.24559331464257,0.0565021474814381,-0.0329512739910467,-0.00296833138211013,0.0609945665022212,-0.0822680183640317
0.269626348357787,0.0191195385283868,0.140466668618129,0.0772864452488286,0.142428743030894,-0.284106656843687,-0.476064138046096,0.0632911700935828,0.235911479823853,0.197674174311617,0.045638372809496,0.394681016955757,0.0754456530625084,0.320865125346434,-0.153324989662037,0.0345778375440772,0.0145264088290105,0.121647572116711,0.25174203730635,0.0209081800194541,-0.0100087672641156,0.00657204408292233,0.0374445738863166,-0.0752858483271812
0.262863521597195,0.0261594341120803,0.143787153903423,0.0828395183246205,0.131908550772101,-0.279854186939204,-0.487939848307381,0.0171246537920574,0.224566765755399,0.201111810479341,0.020965712566231,0.422728107501076,0.0813715511419634,0.329437826607829,-0.0953126346389804,0.0615870553268795,-0.0136140156787161,0.140297357259902,0.26574586662137,-0.0279911385628075,0.0216534451361203,0.0153752080924673,0.00630913190266557,-0.0643052469291044
0.241984617765655,0.0336627740676484,0.14054321145415,0.0903525707866432,0.122668820607269,-0.273257520313212,-0.494284916770572,-0.0127831757821045,0.219503032140627,0.206844125829811,0.0110046580407723,0.437122834712415,0.0862605616619652,0.339244738357187,-0.0486592735895027,0.0813523038900972,-0.0302503618663959,0.152062143937783,0.276118106448614,-0.0602036897825547,0.0431617439384346,0.0270725644674403,-0.00801569817212807,-0.0595896730823318
-0.0348401262080306,0.00188263908829965,0.00865975243828917,-0.331119835342524,-0.0259626714506827,-0.181794935302601,-0.417019582420523,-0.0343506648738412,0.138160498712921,0.190483574977639,0.0352461089052231,0.438443704151176,0.0899174375821281,0.327386226592539,0.0773827936213549,0.0611307701303511,-0.169388330914955,0.108479855691749,0.179146465129914,-0.179510905534578,0.116783291630845,0.162058625313951,0.036417866224078,-0.085896244969437
-0.0581771247729081,-0.00100190206279091,0.00703734435312194,-0.333705365468728,-0.0181066396859828,-0.16368525895665,-0.412815927192367,-0.0319012505869561,0.122050216376098,0.190888526696988,0.0338883629357637,0.422603203802117,0.0908531759656804,0.337523008364992,0.0892239818489194,0.0534918488346971,-0.181184918334376,0.10115846264253,-0.188652325540366,-0.176508410448402,0.118464252063019,0.193427800751947,0.063687565110735,-0.0604701843610943
-0.122420370328137,-0.00257070739974482,0.000656414852633673,-0.337115702644926,0.000154029720866112,-0.124518032802804,-0.394419406703737,-0.0337621799598028,0.0731242947457176,0.180114567310579,0.0414553474642876,0.38514101110105,0.0935789692849879,0.349078834691888,0.114551138224918,0.0314813853269424,-0.203528878720744,0.0819285211225083,-0.203379036523715,-0.164830345855681,0.120384723220462,0.261407225733606,0.135525768145472,-0.00230259017658999
0.162156977512355,-0.000391238299498605,0.0933277061307381,0.109385613334674,0.108350374540929,-0.242778331003564,-0.393900606784419,0.146773348756978,0.279446845997909,0.244557043329696,0.147328272186301,0.35136704536576,0.107952497116413,0.283223132325679,-0.257994071491359,-0.0214950019174713,0.17133969167588,0.0361546914892091,0.103206915279953,-0.106628630650287,-0.047429348160007,0.00992312754669107,0.14988376254999,0.169898969559253
0.154180295696026,0.00987827786727321,0.112684880712094,0.084684647788078,0.123757808291002,-0.230424238933447,-0.39718802548565,0.159709230595524,0.292841352249007,0.263768176422571,0.151918984775103,0.298347177434135,0.118715101047411,0.297171287690479,-0.258360033399648,-0.0311471322170596,0.191051910354691,-0.00539777083611857,0.118263654762753,-0.146695278056811,-0.0458842114045887,0.00418651962283705,0.178481689365785,0.170131157438601
0.0566762081633965,0.0248458828364729,0.0364309348926094,0.275752786753977,0.0202526997595361,-0.253421033093594,-0.43407954821675,-0.0461184459014905,0.181520709326503,0.197205130807713,0.0652891373295803,0.499573428197536,0.0959540666938778,0.286774999237282,-0.00931753936533017,0.0741325456944698,-0.0633235418376075,0.148739299135056,0.157382307500456,0.149795813994546,0.0935559851360897,0.0617302637502671,0.0103938295737582,-0.133496549973138
0.0483664474050571,0.0257208884024583,0.0383610419217081,0.273792754765331,0.0176754408325766,-0.240887382628331,-0.44009380618003,-0.0450046744844513,0.178180548198018,0.200233578280299,0.0550982434513179,0.487081412926588,0.0958494433201242,0.305090513451094,0.0137091261555597,0.0762481365365909,-0.0833977669213488,0.143662780222146,0.176245423321547,0.151525782550699,0.0978116007350143,0.0817010305112252,0.0140617484322641,-0.119663997400063
0.0149913169770519,0.0216853154798268,0.0358008851845938,-0.274970455160469,0.0140686700374433,-0.206109298027596,-0.442198694787911,-0.0383398997202202,0.167170162781061,0.204612465751236,0.0415834586342581,0.457498237081903,0.094259048067699,0.340935675781138,0.0666432642951552,0.0806932308117878,-0.120948002183414,0.135068233320241,0.207908583499819,-0.155811228715573,0.102957749261629,0.130874639865748,0.0338585803645313,-0.0848896530392642
-0.040432718869855,0.0114205994883401,0.0231597991948034,-0.284817968502511,0.0183555672840971,-0.164226372025506,-0.426283278059087,-0.0280246339494594,0.141040218876763,0.200702151101862,0.0451587864412965,0.428031494784855,0.0926064074613742,0.362721682290454,0.109364992106986,0.0772366240588226,-0.146473440609791,0.126337867253503,-0.222757579728696,-0.155469097562133,0.102670470407624,0.188739984068531,0.0816971617637027,-0.0400468337622226
0.175718381688882,0.00200921010741817,0.0904594089585444,0.110633177905883,0.126028013287577,-0.269382121621214,-0.413425496422953,0.128436666943269,0.269437732355213,0.226689887494957,0.139629891888651,0.367236072354075,0.0943765300875766,0.288254473694414,-0.244559367274616,-0.00777291693642458,0.131358472958327,0.0719438679245318,0.149929862507805,-0.0806580012027182,-0.0450993001926355,0.00359039256262844,0.125132316794562,-0.146338078283132
0.171335521522037,0.0132636011659724,0.101283625754064,0.0826803843406104,0.137057105464606,-0.267225648823819,-0.417046781805074,0.152198923934281,0.286776789179655,0.233338562144067,0.148308652501284,0.313512854830944,0.0903531664566416,0.305486616434502,-0.250708436489745,-0.0215291929177015,0.145371273775273,0.0432845280884047,0.168542030264616,-0.120262255089254,-0.0607507811654414,-0.00214575536688706,0.147077077892146,0.140552223335021
0.120329762459013,0.0206469504965796,0.059497812643012,0.223497819944853,0.0679419857862614,-0.279552159979125,-0.441535454297982,-0.0156297742883433,0.204328527670893,0.204520893996792,0.0768741628584792,0.500657725092736,0.0948352823223268,0.280717567748576,-0.0855728503949688,0.0589965006126675,-0.00446156636968652,0.153189860089521,0.162599314066918,0.101257957566332,0.0580548648499893,0.027668479371552,0.0239383383785913,-0.131695264302965
0.10075753389752,0.0276894704789248,0.0563706186933353,0.235472631860501,0.0529186423185142,-0.268695445515747,-0.447813649865652,-0.0305025975541977,0.197089880372608,0.205596110938124,0.0649792512669426,0.497174768141758,0.0959809505327047,0.293739311114767,-0.0472940058861665,0.0673533463269831,-0.0331099401228687,0.151192249529346,0.175050633587542,0.118888424713941,0.0742706646106189,0.0462372626408685,0.0172841211417844,-0.125655303009521
0.108778434186088,0.0394247438051236,0.0749494092600493,0.205262439098435,0.0621949812479483,-0.252400600209312,-0.468741876705947,-0.0398288811937547,0.19760487022628,0.215173393565984,0.0391750256201656,0.476781214330548,0.0979753896254333,0.331378574897725,0.000803564680592755,0.081989820040098,-0.0597333591716146,0.151159050931474,0.226063052956633,-0.119451478090525,0.0841205824563749,0.071668008044196,0.0142318494903054,-0.0950050980920373
0.0781954784055435,0.0390208163953854,0.0693872193121325,-0.209358365824491,0.0547865648828725,-0.229479480792206,-0.464484725480137,-0.0432498663178514,0.19304093079645,0.217822988150366,0.0369838450358195,0.466163415310337,0.0991022580014477,0.351650001566936,0.0483028789059775,0.0948122620545956,-0.079095310639075,0.154010092220397,0.241832968227769,0.131284217065804,0.0923490708853787,0.0976242198169187,0.0225519124087919,-0.0802639152198649
0.185266575458916,0.000130664178474741,0.0799921811383377,0.130518441144562,0.128631816509157,-0.288465975483104,-0.4235084342152,0.0933200870702608,0.246900628555984,0.208338993421777,0.123732434305796,0.413668219302655,0.087607303454148,0.278495307755025,-0.225129130383938,0.0116024844097797,0.0893833137584798,0.115299776669126,0.171522082982039,-0.0318377223355064,-0.0284570044251941,-0.00154544184114403,0.0893946249016632,-0.131923073561359
0.186488750210315,0.00506746885834927,0.0800363997139542,0.143596494231247,0.124749262070472,-0.293671704181132,-0.435246191876853,0.0684146022817185,0.236113498186307,0.204425517228926,0.108363902209019,0.435107027098566,0.0871135764763315,0.28075622046134,-0.199413300235475,0.0237936138971178,0.0617053430484331,0.130508488529869,0.184826440186554,-0.00350501463577697,-0.010985710292707,0.00391378110571857,0.0697438978110936,-0.124450254397809
0.159876286827148,0.0174570860617876,0.0763214258754014,0.183497495328532,0.0960588905364351,-0.287775867366689,-0.448949896390735,0.0147104398602536,0.218268081929117,0.206805005192814,0.0811626637921092,0.476639482063726,0.0924007897113517,0.288029161622364,-0.127460301388271,0.0472756319619323,0.017317078238686,0.145664456713819,0.183389938880025,0.0589997810248532,0.0326447682950262,0.0185388106738272,0.0380181101043397,-0.122916054337705
0.162140451079527,0.0351530963614645,0.0901758581267236,0.173976978903846,0.0906795650217278,-0.27729351119732,-0.469986176741659,-0.0183312577654805,0.208480838130484,0.212191424269786,0.0469163734678774,0.475579120980803,0.0959457356588838,0.312572129273241,-0.0699867454976806,0.06480455455702,-0.0220899633368938,0.148287342507466,0.221000231708715,-0.0832799968452415,0.0601722685212315,0.0387593106388679,0.0175850572505867,-0.101010656072339
0.166924378292021,0.0426005211961545,0.100708390417159,0.158585991269344,0.0925535832398244,-0.269520290409392,-0.479392055041813,-0.0325994367263526,0.20655928956766,0.215693896026547,0.030177439714372,0.470561473701375,0.0972822764063098,0.327697114246307,-0.0378617365419122,0.0766097720128573,-0.036439479344201,0.151437413531232,0.24328193595199,-0.0922054597633812,0.070150727329932,0.0474031550354104,0.00780165974562776,-0.0865095558822563
-0.0919024070079362,-0.0264013376435193,-0.0140558124755688,-0.388741430202983,-0.0604606565478594,-0.150949924942011,-0.385737141680797,-0.032716008558709,0.0826919619763122,0.168930707155982,0.0162541337461914,0.397096192851701,0.0832433774189845,0.305958327462682,0.0702251914166404,0.0191961575373819,-0.239303089056797,0.0626843212886396,-0.153081054062861,-0.204095354205684,0.13646283807583,0.214234971093176,0.0470476924437776,-0.0700390068533912
-0.130119365092485,-0.0241928040404678,-0.0103615328762633,-0.396383142407862,0.0539764281554707,-0.126362024739014,-0.374331758711838,-0.0402625149802032,0.0440992256867639,0.167409014893244,0.0067734018591333,0.363223264879576,0.0873279132315398,0.311065271983123,0.0706272858340689,-0.0111643301753203,-0.266914620164099,0.0361261808051139,-0.162807557395104,-0.200688924690356,0.151565261865777,0.26399642534623,0.0866715859959167,-0.0368898139802569
-0.0360501230377993,-0.00479978496553097,-0.00296211521451226,0.353240706398369,-0.0495447095895174,-0.19293876805788,-0.406647260960348,-0.0378568228083138,0.134178419154946,0.174171579702966,0.0408906453988096,0.448723524372022,0.0847604287542599,0.29933814404763,0.06560523129083,0.0605627744213796,-0.173220592755304,0.106734891314005,0.146870940835602,-0.190932644775304,0.11674411051175,0.138267612837159,0.0126295836187678,-0.114639722717901
-0.0600275426494518,-0.0121121623503989,-0.00661400270244934,-0.363785078280933,-0.0498523907706241,-0.171832912545798,-0.402233860615213,-0.0325481399101525,0.116878972527694,0.176652802621496,0.0299085472316278,0.425216696417576,0.0842616861929659,0.311949343109293,0.0750868210165766,0.04641215303878,-0.200047640917966,0.0906518353021973,0.158006823760181,-0.19342341764346,0.122829715392291,0.176171812478582,0.0323289052249706,-0.0891559350138071
-0.102021649609688,-0.0186938753320097,-0.00855386093991271,-0.37481641059501,-0.0399939162635781,-0.139929867267682,-0.388824621697332,-0.0335645014307762,0.080648896084889,0.178051158385043,0.0214011400643471,0.391714352863669,0.0897099381265522,0.322915611010143,0.0837102598962065,0.021610439020245,-0.229169796392118,0.0674284592556685,-0.17162932115721,-0.192471949235268,0.135664297103308,0.234993333367001,0.0783618138554927,-0.0456503009026857
0.168744302098626,-0.00683661852084528,0.0922328758160827,0.133017801938741,0.0924584916562161,-0.239756716428409,-0.391531297380302,0.126465626100541,0.265873163508215,0.239716214879552,0.134649768514176,0.403511659869167,0.108998400079407,0.270258372233467,-0.244479792854849,-0.0124256093563147,0.163861858252902,0.0585171363498658,0.0740382115648807,-0.0733946071844555,-0.0361208965056507,0.0231010413691489,0.127259682445869,0.180641111491957
0.157295269614086,-0.00113940448860195,0.0996949988620349,0.116069942777487,0.0823985349100106,-0.211068505974578,-0.37818374801896,0.156933558213638,0.280045653907033,0.260263805305442,0.143431770208983,0.348576882094699,0.123675033147523,0.273951909924553,-0.266172749673412,-0.0328073574003203,0.197991765888445,0.00286521594238706,0.0532995384054668,-0.12584138961869,-0.0415503422745079,0.0195518084241984,0.164799670671637,0.198151608867735
0.0549915347244626,0.011181730536884,0.0330045169915641,0.287932835591327,0.0127181132600793,-0.252955171318882,-0.417107150765542,-0.0426688456221251,0.178287325874018,0.18825948882497,0.0736886976666826,0.515001526465946,0.0933909285733864,0.266213963534313,-0.0178906260185931,0.0726422914208525,-0.0471879879101676,0.15128528580953,0.118646897808194,0.154878158711886,0.0869370854818345,0.0432637414886608,0.00686011901074893,-0.147914406239042
0.0299250988539578,0.0167329091650296,0.0237568082905925,0.302037707635068,-0.00366478035878799,-0.240727615954447,-0.422330861939195,-0.0484956303179003,0.169798744856195,0.187241513679022,0.0642777556866929,0.497186286343369,0.0925591342247539,0.281008446257833,0.0129834699276884,0.0751078176531455,-0.0843253178494272,0.142919045938224,0.138997406589285,0.165667756905653,0.0994372979891893,0.070460859557016,0.00564796838271715,-0.139093852329917
-0.0037936165625922,0.0106536078166884,0.0126180573988364,0.322571136661603,-0.0248020939464331,-0.214912193712616,-0.420957860356127,-0.0437203950740959,0.154828741739205,0.184129193147728,0.0501866683891905,0.470334922471774,0.0888863652038259,0.300210883295667,0.0492637562655321,0.0713968089915816,-0.131978567327234,0.12610804039938,0.154093931167516,-0.176559115735415,0.108513252348595,0.109759872183856,0.0106784947932607,-0.122482273177423
-0.0266778563925565,0.00282660900046986,0.0071047899473811,-0.333609398941058,-0.0318332801687629,-0.192445939076136,-0.416345580322413,-0.0373941059041373,0.142724868206136,0.186007030789158,0.0394762675302633,0.448240850339255,0.0888422856952447,0.315999962870913,0.0693699166902746,0.0644478065141379,-0.162484628566287,0.112514161081384,0.167996072352244,-0.181997446217449,0.115555959851626,0.143932711629279,0.0232021052559855,-0.101646950031998
0.169835939234847,-0.00662649837968006,0.0806495067769943,0.159079491398595,0.103043046446402,-0.272609053058631,-0.409622376405182,0.0761309596500427,0.242921045875378,0.216869505722511,0.118759176012097,0.458152575881264,0.0960175873368665,0.266593969948513,-0.203393297361229,0.0159309043067503,0.108078858482223,0.116689793968535,0.112057089574847,-0.0034765317731817,-0.0137216411315926,-0.0163830554386986,0.0815637906295746,-0.154423826136327
0.143330176668974,-0.00267688441674587,0.0688936620791319,0.204537306717043,0.080563989779996,-0.27615277967021,-0.414058837782037,0.0211895888287528,0.218986111165833,0.206637828343866,0.09839226418229,0.508844589133325,0.0942984297868801,0.259912563055021,-0.13919198664222,0.0411884020302786,0.0626240783268573,0.146822883952615,0.106305320146019,0.0683185910471736,0.0240010352970655,-0.00853213355092252,0.0436001633531558,-0.149928061505598
0.106409082425236,0.0117940067540356,0.0539890956050694,0.240656258380425,0.0541696270223904,-0.272664595150402,-0.427305052379148,-0.0177282661021876,0.200427811620124,0.200332897322248,0.0813033417966504,0.514402866267605,0.0940214724337285,0.269698439412239,-0.0770538857277926,0.0598293364907758,0.00217936530727084,0.154186718425891,0.130310300696874,0.113363092837893,0.0588745879828314,0.0202409536044709,0.0214307029494126,-0.142649865134484
0.066066434399884,0.0196724705242706,0.0380592644757068,0.273106661704416,0.0254887837524918,-0.259194395209271,-0.428987504154759,-0.0415667869699402,0.184576733134552,0.195556811174866,0.0716658552529911,0.507783512960867,0.0955114631895017,0.276671968144507,-0.0259669970546049,0.0719632062393653,-0.0464199244185801,0.152049729399997,0.143337620424699,0.145401075985905,0.0864609868256087,0.0482040898013915,0.0107265825975267,-0.139782470834622
0.177897382214597,-0.00178409590025224,0.0743520239331287,0.150788250717342,0.119391266096608,-0.289541859452352,-0.422240185998862,0.0716194003452735,0.237596511325337,0.206570800924264,0.117100311947324,0.445699384038358,0.0895674345753289,0.270742960065351,-0.207356728582629,0.0213068404281688,0.0803436453111533,0.130581416658684,0.158616591508414,-0.00120611051609396,-0.0140442786389132,-0.00386903358577791,0.0741412934118788,-0.135079902704786
0.164642370976821,0.00179829318121439,0.0713601409088999,0.174848740741978,0.10489743886146,-0.288298786034786,-0.426548637435986,0.0436165536279743,0.228063021020112,0.206606840094304,0.105185989763097,0.473974798780723,0.0917618073455773,0.269970085123293,-0.173400493160698,0.0333690524439516,0.0616098585808621,0.141628400838813,0.15048415215078,0.033872959546591,0.00731065755722954,-0.000655254559723185,0.0566640270998155,-0.136656183854292
0.143612664749169,0.00650949067524494,0.0648562254046021,0.203005516099382,0.0861288396268632,-0.285062298425752,-0.428945740020102,0.0131800986004862,0.216086222537967,0.204559281528846,0.0934106878773729,0.498075376673057,0.0931440600944755,0.268765470968536,-0.132738576141959,0.0465096595858706,0.0367899841548844,0.151554862547301,0.143171852625084,0.0721579691077372,0.0311821373168122,0.00626326365623414,0.0383705089994067,-0.137941729267413
-0.0453773123810615,-0.0211467124181661,-0.0105885585339878,0.37537268676561,-0.0716171074998321,-0.187261817643878,-0.394182326610851,-0.0367424057959248,0.113685693159692,0.155767638620299,0.0358362557425825,0.445686095437279,0.0786959188322612,0.278097237581219,0.0589028524270932,0.0506528825323302,-0.196680623944536,0.09261232388018,0.122109609026231,-0.203046326191024,0.119520481984404,0.135564132952884,-0.0012283951784305,-0.126725322018593
-0.0628414098643987,-0.02378750128615,-0.0129221622024791,0.381574957907469,-0.0691829401331286,-0.17421933415186,-0.391983198987194,-0.0337439411052045,0.103293354479096,0.161136274374931,0.0269265777579866,0.426035393538377,0.0793194383982585,0.290417396467051,0.0632625318860301,0.0380094555585597,-0.216166753274088,0.0802610679596472,0.135827329001762,-0.204867150582847,0.12585537774992,0.16622341528421,0.0143147559701646,-0.105317024144305
-0.100914577155851,-0.028471529868623,-0.0106927734208848,0.394973514030146,-0.0687273691829833,-0.147712496124169,-0.381451703258334,-0.0356243327661616,0.0636620262679621,0.160393081996777,0.00807825707757148,0.386985118825567,0.0781668036544168,0.298772590326811,0.0603844750478432,0.00090253783767361,-0.257791379315897,0.0457715185228222,-0.147063581704563,-0.208492788523054,0.141990274807504,0.220847243477352,0.0447132994604215,-0.0706015014443295
0.171186987181461,-0.00466444321382551,0.123009782688329,0.149515240871801,0.00245152685437885,-0.119571487865896,-0.348720151316811,0.16660300022389,0.255281825371308,0.28707826685098,0.115050385564992,0.376847302770834,0.161631235841738,0.23373674786342,-0.282505562515711,-0.0516141658337311,0.226868823250831,-0.0540129370655546,-0.0703173006449551,-0.156214874584468,-0.0172344838098449,0.0588481728502652,0.171944465680308,0.284502266752435
0.154580496840612,0.00666924953438498,0.121653563321509,0.140210007770072,0.00343175642791931,-0.117827838665391,-0.345563045006717,0.172861283567374,0.264102389130973,0.29790530968033,0.119974899065851,0.333678726564406,0.169180912034404,0.246209716026118,-0.28712942642266,-0.0644766113408348,0.229915278690662,-0.0899303181062253,-0.0543797159684048,-0.17897563569226,-0.0104322266494141,0.0427854538419764,0.194203131639491,0.279028576143699
-0.00402426014209391,-0.00358569265346386,0.00887906857821114,0.341824263490683,-0.0437952447480596,-0.21662157232574,-0.398601940364034,-0.0507234364096388,0.141498255235049,0.163137790925989,0.0591382084035794,0.493372199501039,0.0864649527639163,0.261135159252232,0.0409551721881444,0.0738419519299161,-0.12000011377448,0.127955094326969,0.0995065475851349,-0.188027731881437,0.108059581116614,0.076856071031314,-0.00550063887450225,-0.152666842608796
-0.0252506812353208,-0.00729463919955089,-0.00105916984215313,0.35492779233466,-0.053516608671192,-0.203437264903495,-0.402037187902412,-0.0428370280596404,0.133261503344361,0.164909863419051,0.0477354294649455,0.46658750710349,0.0832831697761202,0.278748326331618,0.0531061812086174,0.0637220433553411,-0.15810065099579,0.112420913480807,0.122424075059243,-0.192945858000738,0.113390395521219,0.111913759592052,0.00033381425903907,-0.134514414956877
-0.0492986829211444,-0.0134847934532798,-0.0101883438237805,0.368488340202457,-0.0615413081201783,-0.185064522310965,-0.399504277820625,-0.0349743323083896,0.122248575866225,0.166899562904441,0.0360251520461157,0.439141797905321,0.0809917748767593,0.294283519358284,0.0671041139750577,0.0527551444563153,-0.192244896163328,0.0962848702360718,0.138850762390735,-0.19760227356282,0.119005190095317,0.148611386427896,0.0110743190562785,-0.11320159056448
0.170552320958804,-0.00703356610120198,0.111128205586472,0.142606884894141,0.0436907090022561,-0.177183136474654,-0.365789917785887,0.145548301265902,0.262003294851362,0.265570439112448,0.122125954677101,0.402078702809501,0.136083522287651,0.251009571160348,-0.260217554470031,-0.0336082647777146,0.206903841140558,0.00150006172160631,-0.0166416201911791,-0.112361579314189,-0.0274863158884712,0.0477445571804811,0.148764491225471,0.237243247764551
0.154523206186971,-0.000427725183106971,0.105890586828049,0.125744625265872,0.0491928510684791,-0.173079353681196,-0.361250933293992,0.166899430178091,0.275975182013786,0.275308926001877,0.13569713690462,0.344059701132579,0.141252164658129,0.261403415228723,-0.276198339813923,-0.0458621554344887,0.218319245657208,-0.0345278203435233,0.00121308985377449,-0.147342697986991,-0.0325708096854084,0.0295276087124018,0.178274832900536,0.230845373149648
0.0718208783726367,0.000215141071657989,0.0454679017600292,0.27952441553965,0.0191209903205862,-0.250216232827883,-0.404293429285806,-0.0374689979685634,0.179531878156084,0.187954865958507,0.0755698797437157,0.53384296131932,0.0933381078376244,0.25275017414628,-0.0328666217520101,0.0684013201601806,-0.0148166971254925,0.152737720052287,0.0829578546633035,0.149567821119821,0.0774927153362685,0.0191417024098456,0.00839154797195032,-0.156337475163057
0.0214078599308503,0.00190243958512456,0.0206204353183755,0.319862585727211,-0.0195123613155364,-0.231254606522164,-0.404708039439139,-0.0494681522871408,0.157617167987482,0.174909786329555,0.0657380368911499,0.507496048139228,0.0906791896306688,0.262156633986974,0.0181929337682875,0.0750337022756657,-0.0853273227334932,0.139964163088997,0.103343189398444,-0.176718525013344,0.10085961268947,0.0602378787184083,-0.00037597555561434,-0.151577053154976
0.00150218031159184,0.00605488986704743,0.0105786310435774,0.329282402261818,-0.029709938192153,-0.223115134538883,-0.410647026549073,-0.0484862213181547,0.153506897286277,0.17577203555011,0.0590003802967485,0.485796637925096,0.0893838109497798,0.278237430539995,0.0373397361727211,0.0739081985724122,-0.117948828353065,0.131645746603008,0.128891267026394,-0.181559331749224,0.108028567278178,0.087687364169981,0.00164659416452759,-0.139732733201977
0.173921661194869,-0.0147793928454725,0.103611366363438,0.16336965125519,0.0701915641852039,-0.226732953108986,-0.381154332039114,0.0876518804622997,0.242878936504555,0.235060733328355,0.109256745544811,0.479927202058655,0.111890902116982,0.249644112299854,-0.206917239906721,0.000476185051141588,0.162563330220793,0.0825966728099145,0.015874176054718,-0.0222027734064507,-0.0132572883498314,-0.0496899825476745,0.0939781955106815,-0.197148600120192
0.156348738848361,-0.0170577447110179,0.0903887257908976,0.197778276212554,0.0724069108528977,-0.249928942426409,-0.389413844283497,0.0329350886774575,0.219505562278307,0.214472640484308,0.0956778377524572,0.527330136911944,0.101222154224629,0.244184851491537,-0.149215322446995,0.0309263165881018,0.110144677298734,0.130769638731313,0.0390793131819571,0.05506940009804,0.0171327352360997,-0.0388352717716097,0.0528190792362385,-0.172083589333731
0.119072219768353,-0.00868925788098553,0.0695800505025445,0.238214837405933,0.0520389761870233,-0.25679229017696,-0.398228882243391,-0.0100585889752547,0.199081775944136,0.200366763870289,0.0841331254936312,0.542582257181995,0.0961007800527778,0.246474106235849,-0.0891526650723814,0.0534046783769657,0.0495474422153462,0.151471258858643,0.0620649994822065,0.111568792007669,0.0494229631278975,-0.0138421837852917,0.0250055172318054,-0.160001620697941
-0.0535919588174764,-0.0262718823876774,-0.0113498127804384,0.381692971603221,-0.0768265510370762,-0.179504276008605,-0.392479366864437,-0.0341707649634325,0.10293051893076,0.153225793285486,0.0283111187684506,0.435748169663883,0.075555994804105,0.279324266863823,0.0578463907675747,0.0404234128896617,-0.213118469709258,0.0812174366378198,0.122484884786028,-0.206201341943389,0.121924723227056,0.147614008642297,0.000276178367561161,-0.120829240547679
-0.0704912951052957,-0.0287157141724615,-0.00718745576378235,0.386360295664256,-0.0761793754516529,-0.166346834569913,-0.390556447887486,-0.0337850051931698,0.083106752118186,0.154321915044788,0.0161764535338504,0.416669568032016,0.0730994087960674,0.28644956881589,0.0542727785588486,0.0186073718671945,-0.235998838038614,0.0612721289125472,0.130510872661905,-0.208756072449793,0.129671254076052,0.17487490983403,0.0136556590293868,-0.102754491619206
-0.101782843334366,-0.0220968664867248,0.00750957110065639,0.382892916056489,0.067489932878928,-0.148145262043546,-0.382986229674063,-0.0418148283645184,0.0460328752506908,0.154776264670893,0.00304528904687546,0.384890863472269,0.0742678860067061,0.297498761146768,0.0488353311187426,-0.0200426861694758,-0.26391403647189,0.0279139821057342,-0.148159695730975,-0.206433694354174,0.147031628548152,0.21721144119793,0.0464390382524485,-0.0721802040751057
0.184923671791703,-0.00719415713657403,-0.137204896709719,0.15562196409589,0.00111570316303453,-0.116423040224343,-0.350306979071721,0.148528949421777,0.242496476834078,0.28248274108029,0.101413018240592,0.416890058759423,0.160917696168171,0.224685413664522,-0.268099682115519,-0.0443940057441299,0.225357701194458,-0.0342829761962334,-0.0892113946223136,-0.137191422468251,-0.0106844928807836,0.0774339583009038,0.152915446801902,0.294004653572889
0.174235404327196,0.00410130475339428,-0.140384131809301,0.160702286903119,-0.0358460436636333,-0.0704298136455427,-0.339581092199797,0.170872181043176,0.242968999113007,0.306025895483428,0.101018711342516,0.364342254040827,0.184584014659877,0.220752858515144,-0.293229802828,-0.0679968471274275,0.230261303366118,-0.0998611845400909,-0.110231788618386,-0.185344746860255,0.00297227967096664,0.0705773531150697,0.184177036574636,0.327627684900697
-0.0101222695773687,-0.00752522688649292,0.0101308424229188,0.348082095674423,-0.051190510073514,-0.207645392444311,-0.39770218161406,-0.0506941620340149,0.131662692673346,0.160259978211566,0.0532703667792844,0.489562057701739,0.0848508566909773,0.260799053754203,0.0443001155574849,0.0686593408974026,-0.132348296393571,0.118862015594233,0.0948397885111329,-0.190351351450136,0.111266591059355,0.0827889653133806,-0.00520500795877449,-0.153010022666367
-0.031896832467725,-0.0179336711103428,0.00157312222724287,0.366110203625379,-0.0656785794838057,-0.190962192889442,-0.397507535209337,-0.0427849001105898,0.114166634730283,0.156922952456507,0.0390240043264684,0.462474157110718,0.0806488831196964,0.270886785986679,0.0505672951161434,0.0527639809131276,-0.177769325343118,0.0966020284254278,0.110162004175477,-0.198978968870726,0.118926276171639,0.116893735936329,-0.0023942116798845,-0.137773544490073
-0.0491473255201037,-0.0258679592174958,-0.00269858229196972,0.377859511167401,-0.074999359754168,-0.177685013922818,-0.395808195511051,-0.03665843614825,0.0974092161265457,0.153689280994755,0.0258467187062051,0.440572958325695,0.0749555143643899,0.277269171858519,0.0513006060735949,0.0350745660946952,-0.210782304395122,0.0766650608211763,0.117847697725902,-0.204787826871174,0.123086886893181,0.143192454802619,0.00103800944415211,-0.123845561856807
0.187516011279656,-0.0166014392953486,0.134161236952941,0.161435323461788,0.0368191219167972,-0.16727773933336,-0.359585268568957,0.102511907164646,0.233323153210274,0.255898851811119,0.094390426394483,0.481459830814129,0.13628971820677,0.228447905201337,-0.222261197248485,-0.0167228845810389,0.203734607929744,0.0356395010324565,-0.0632780131568068,-0.0621189243125691,-0.00598178414856005,0.0802750871379874,0.111435687031977,-0.249828081032355
0.0520193678917113,-0.00532908363230851,0.0452366601337857,0.300072278781179,-0.00247775016898678,-0.230607701424469,-0.393911369934351,-0.0504496714625348,0.160410684347824,0.179822033055205,0.0671260739465853,0.538046943078453,0.0939034795713705,0.244955741539595,-0.00501243721779496,0.0716929243599556,-0.0343630630736606,0.14484134314201,0.0612322694074372,-0.166969810387268,0.0928047786205969,0.0237824868973879,0.00309011137713502,-0.163415800073289
0.0152843945342315,-0.0038818763185043,0.0244258590371653,0.328515603718707,-0.0315408282855328,-0.21908602487376,-0.396515907939908,-0.0545503655849992,0.144411008273789,0.167731809914391,0.0613085229039146,0.513178725675109,0.089817458353991,0.252367235956265,0.0270537703064061,0.0740773596360472,-0.0892916959293875,0.133023874982936,0.0799718802384601,-0.181628191238586,0.105317460462407,0.0550053810403298,-0.0030892978967966,-0.160757807833725
0.176716480945372,-0.0231722075045568,0.12854753188825,0.183632317329027,0.0555278514238809,-0.205984583432214,-0.360466004179812,0.0370318905729678,0.210470447696973,0.226304116556628,0.0762059746690348,0.549647640404358,0.112819290457941,0.224524582125402,-0.152781682763657,0.0140718121712111,0.164285225504082,0.100851560156711,-0.0485429463113607,0.0336651086932796,0.0176234927694104,-0.0797413521554805,0.0603059206535833,-0.205371546687247
0.140789507492681,-0.0196151023046363,0.1013850588141,0.221595285968374,0.0503112907174019,-0.230614603013929,-0.372358407132485,-0.00757244259936504,0.193498668462803,0.206083069619142,0.0716498551095162,0.56822346390799,0.0998056642671531,0.22954927428464,-0.0956760275316977,0.0406528592640027,0.100278547339609,0.137137572256663,-0.00864234401407867,0.100794009276207,0.0443231371654575,-0.0504436181450085,0.0297589264425028,-0.176630271313448
0.0939856650770249,-0.00986569768541106,0.0700812989759476,0.264170028567426,0.0261665176147202,-0.237413174434171,-0.387001316484778,-0.0357711162167689,0.177438901508832,0.19217277165268,0.0703614817296565,0.558011786927631,0.0955995992175323,0.23826288990052,-0.0459300587428529,0.0603470354726007,0.0288498321073943,0.148121848410915,0.0326985670945594,-0.141288295563579,0.0711766918693428,-0.0114882061300732,0.0128307193185457,-0.167068477902948
0.177303969697989,-0.025332803881624,0.143057161803412,0.185649103842181,0.0544955461884307,-0.198464657066149,-0.3467258588166,0.00827417999286675,0.192626709582036,0.218655261009238,0.0575168069475118,0.578442232085112,0.108704253697842,0.213714225862088,-0.122667805020721,0.0186318740099804,0.165543143865201,0.109501941144585,-0.0764136596949857,0.0625750623451668,0.0323909768644473,-0.0928420497437745,0.0439940085133129,-0.199589001274084
0.164965819917966,-0.0252414176735209,0.129028345538384,0.198479867187926,0.0541836259324786,-0.211059357719246,-0.352602395870257,-0.00106061915702227,0.191658660400281,0.212048000298562,0.0607550955749029,0.580811262232224,0.103296952341486,0.217334563632307,-0.108661988038363,0.0276402162326792,0.144164183573646,0.123261656008392,-0.0572793357711959,0.0829164676383353,0.036831433925236,-0.0805490586014898,0.0353342918872227,-0.187910238816728
-0.0543790390421207,-0.0265427211861538,0.00234229438578739,0.377766575656011,-0.0740791385381208,-0.171702048809667,-0.396953447930864,-0.0367506075667028,0.0877093689170113,0.154552153151775,0.0196434981587334,0.433902972608422,0.073158839746379,0.280483218495851,0.0476153519189559,0.0236812814374144,-0.220040542986076,0.0663485555002905,0.120798284668675,-0.205388763836255,0.126284966116825,0.15303389420752,0.00639729454140981,-0.116936704702707
-0.06384853295572,-0.0230268970570428,0.0150804213907549,0.371923346937592,-0.0668619544262293,-0.164052269042043,-0.397466298611536,-0.0411179354130422,0.0710428471427496,0.157017654203665,0.0136929468230266,0.423691004571585,0.07435070613522,0.286493382961724,0.042090362179542,0.00459626653783484,-0.229736322991684,0.0498022447140007,0.130529505569263,-0.20394467483136,0.134870326537148,0.168294965500147,0.0213552991560528,-0.103898983019914
-0.0872564005157658,-0.00820122489185514,0.0399293673286739,0.35383279634333,0.0571254067237628,-0.154149591323406,-0.398142195341561,-0.0466570046298236,0.0388663219488525,0.152886386456869,0.00544872803613031,0.398454379780257,0.0667325509878096,0.300163027727921,0.0373139791359682,-0.0348809740672914,-0.248507691481911,0.0163333304490655,0.14867631954446,-0.196227027755211,0.142815384777301,0.19226924992897,0.0473810068437272,-0.0805777749336244
0.192482890505148,0.00411313415681246,-0.164992474975596,0.166080742987137,0.0407496324726749,-0.0548622581299877,-0.341614190814835,0.150497220356346,0.224152542181565,0.305371631443735,0.0827363693602919,0.4043384211031,0.189686235337885,0.207402748993899,-0.280893102622569,-0.0624679386460918,0.230155737161497,-0.0865024877732325,-0.136689758087487,-0.174824445828701,0.0153092377635642,0.0947362224991279,0.167280378239533,0.350163528435721
0.177317826822763,0.0184644374385798,-0.168607715871019,0.181150803303887,0.088824442298458,-0.000104312266743456,-0.330789697926882,0.165565552260615,0.219990215267032,0.333412040360965,0.0799027203529917,0.349029898108788,0.217463254516043,0.203572346813769,-0.304316838889568,-0.089874016492521,-0.221149045363715,-0.160750557516616,-0.154844227434099,-0.216720356227155,0.0428384423895976,0.0836092254400771,0.198726306552855,0.387008750497843
0.00887176686971849,-0.00612563522016232,0.0263383563200548,0.334329863663411,-0.038852674610464,-0.209832409828787,-0.396541278324891,-0.0560792487107614,0.13461580426824,0.165514285553141,0.0558565625103205,0.509707176183548,0.0891097820485228,0.252465480904066,0.0316956201484751,0.0700364427367921,-0.101266170965085,0.124225963780424,0.0762869683296755,-0.183366932252318,0.10978730643656,0.0608244697846061,-0.00212834068942101,-0.162070431907804
0.000599068477410217,-0.0104391462433623,0.030140702290364,0.341603667362707,-0.0434910814578456,-0.19689293045392,-0.401021441155906,-0.0553626759051945,0.121457881106152,0.167803807727312,0.0471161725733873,0.498758032035846,0.0900675566607678,0.258459728690949,0.0310561145279838,0.0595249423514081,-0.123700210900506,0.108700538283467,0.0843826618228559,-0.18534425269841,0.118580013746487,0.0783067869158195,0.00410121806933876,-0.156652643538873
-0.0280091294972773,-0.0160510064427905,0.0276819753486905,0.357051079045764,-0.0565832202719677,-0.176799743150921,-0.407716396247741,-0.0489575013763086,0.0948350294750908,0.165409576676535,0.0292204635779825,0.464532671125697,0.0824687667780209,0.274265418647805,0.0343356831676143,0.0318169845482975,-0.17853497769548,0.0759777060389509,0.107202333717427,-0.191773841074685,0.127591986125844,0.121247876488866,0.0132976681253412,-0.13567847301305
-0.0417820964187036,-0.00965075211935354,0.0535230354938598,0.343628070050186,-0.0471187665124794,-0.162104999486586,-0.417017783776598,-0.0524753181026387,0.0648078282723845,0.16714540878164,0.0191761028707577,0.444879226710726,0.0787280012021741,0.286309333579264,0.0245094259318895,-0.00377657435998225,-0.200679909308194,0.042234426047399,0.126962611727473,-0.186817732204271,0.136844429226409,0.143003033894928,0.0355886485644511,-0.114918422282025
-0.0568492804300473,0.00339431898790432,0.0847022081519712,0.314500772913341,0.034332077877051,-0.15877609736787,-0.420063008188347,-0.0531721299582217,0.0372689208518446,0.157774547925334,0.0184104567158319,0.423152404770547,0.0677136785820161,0.298593605486989,0.0203899142400667,-0.0420700732421253,-0.213262705783245,0.00747648333333935,0.14862279500414,-0.177434350079522,0.137175882466376,0.150722351953346,0.0560226103974575,0.0930746820132999
0.199325136576869,-0.00685091767461163,-0.164168530169324,0.160007553453517,0.000449206826489773,-0.104550379535405,-0.347946762452204,0.117343159108176,0.220212000751518,0.279256022471858,0.0786187227818017,0.462965055313976,0.164829731894053,0.211243675308831,-0.243866441978605,-0.03748649701871,0.226145408621448,-0.0204531770365345,-0.119114007254827,-0.116076049657772,0.00740022317945793,0.102015432166921,0.132714229718845,0.309135119710955
0.0757661791098388,-0.00997768279234825,0.0684840773535327,0.28187581406961,0.0106595315595252,-0.223767540575133,-0.38568363315147,-0.0499638558799177,0.161065997620836,0.187341656889452,0.0631737723354877,0.556989275576053,0.0974092554521245,0.236115561085693,-0.0221893508139157,0.0649320224263036,0.00365319746394899,0.14219111499395,0.0297891397380689,-0.156091175508187,0.0884931059457095,-0.000300157878838858,0.00940695766406568,-0.17015202184022
0.0462221639108504,-0.00589799342976153,0.0614229684948114,0.305494091402829,-0.0109964079668253,-0.20702064694807,-0.396139255712023,-0.0588991805070322,0.140978085826241,0.184204206199354,0.0550897747222472,0.53757536215928,0.0987408320976375,0.245775629390538,-0.000325218028936619,0.0628523700149083,-0.0450338629981975,0.124413863895598,0.0479819300063446,-0.163657777609629,0.107506256496772,0.0298340950987856,0.0125220867980235,-0.171923693023174
0.0279248109957976,-0.00350132213074357,0.0792763153212412,0.316695663371914,-0.0177678013289943,-0.174967558943686,-0.415260355146731,0.0689679821029522,0.108573855514511,0.194591191959026,0.041253174065037,0.515347842245277,0.106836217936615,0.258320171665628,-0.00172316226825322,0.0443903650872836,-0.0881576319138353,0.0887674037593272,0.0685421460707353,-0.157513298923996,0.134127667297883,0.0634861649730472,0.0351086146052401,-0.171622950570086
0.00439009100827807,-0.00161125024166052,0.0882074833272594,0.321642007100205,-0.0216239024135808,-0.15667867587931,-0.432099666637631,0.0707469662523052,0.0786520469737506,0.193980752000503,0.0326238491910265,0.486188861415203,0.103638901439463,0.272237121753835,-0.00176970645451825,0.0189524656298552,-0.136441450982041,0.0571777392607001,0.101408912512127,-0.158451586149822,0.145880412181779,0.0984146884122325,0.0514105026084269,-0.152892928761774
-0.0128941021213848,0.00333936933782582,0.104157091309286,0.309843038981779,-0.018359482233452,-0.150109437009418,-0.441820670780929,0.0672371995781207,0.053346098242075,0.18466317084943,0.0292658639665002,0.462396912729638,0.0915236323521219,0.282852115057792,-0.00247027384145268,-0.013425406175729,-0.1653552095801,0.0276470647877136,0.125572354907177,-0.157551107435799,0.142993332795339,0.115366738566378,0.0643769773031874,0.12749062444499
0.196515778894471,-0.0147225584019934,-0.165310148161359,0.166367519704605,0.0306633644605908,-0.146583773069316,-0.349838953574493,0.0644008905776051,0.206123643265584,0.25449493906668,0.0662464277762138,0.524575756420005,0.142236735410505,0.212860014994448,-0.190831266348849,-0.012484274505519,0.206699360849104,0.0392725165921009,-0.104366746698307,-0.0385890123420288,0.0206489915467015,0.104076055356236,0.0940204586924133,-0.264610269172252
0.148686701684753,-0.0218210074134704,0.121810368226797,0.214762092321293,0.0481866597879967,-0.213307769231012,-0.358217870961797,-0.0190047948745362,0.182041555460618,0.207276062907468,0.0574387589404195,0.584419516791483,0.101701400057129,0.219713910906729,-0.0867153417722704,0.0360845623395259,0.118104420328745,0.129769001407773,-0.0447324246615726,0.103812348631384,0.0515319482516774,-0.0673044517933244,0.0280847216640479,-0.182499897409719
0.114640381911926,-0.0134521376530653,0.108846093873922,0.248005657105329,0.0314796235386836,-0.207002542143095,-0.376450138107836,-0.042709916772403,0.16356544862256,0.205430215923055,0.0555522005211403,0.573873404334972,0.107059976548532,0.228358589880529,-0.0569486617303007,0.0485531315372741,0.0622654262646498,0.127037441440894,-0.011546146447675,-0.12486079554779,0.0824921799946033,-0.0328697113073598,0.0275836481884948,-0.183962953944642
0.094376642265986,0.00153550886591993,0.14220240798457,0.263154848239287,0.0252568549715169,-0.158395480266146,-0.401084066615478,0.0769907960023233,0.122702503991371,0.229659317349065,0.0411682475171382,0.553715702503525,0.133035823666353,0.237652608519079,-0.0525008472755716,0.042435375209494,0.023077509523722,0.0853171264795374,0.00599557032697215,-0.108601118779863,0.13785034985041,0.000203392439972118,0.0636094992254401,-0.207484285090231
0.0591406194138897,0.0105684430943822,0.153856497718554,0.285018880328441,0.0195179513502044,-0.124843568224979,-0.440624257252752,0.0937121519445879,0.0812295600698519,0.241926615244273,0.0423940760232511,0.510539009252284,0.14722227410044,0.256302668977746,-0.0549844828429774,0.0286998789570187,-0.0517820755239354,0.0460307503092503,0.0668261640240851,-0.09642679214959,0.174417582678368,0.0545610276342178,0.0999069802890117,0.207906943395598
0.0278512394207128,0.0112050968957489,0.141230792443576,0.292694699124234,0.00873147361594501,-0.128977036903953,-0.456233845786229,0.0896111097661978,0.0577640606318544,0.220453765215637,0.0398674186660982,0.487077161343665,0.126117810193826,0.269215396300079,-0.0367045443799988,0.00644539158652759,-0.110133357545036,0.0320271614538419,0.106047027302298,-0.118328399638698,0.164276879219606,0.0862100374513561,0.095634600192143,0.167940335458263
0.186510130726199,-0.0197058140295579,0.162049459498379,0.176950625072707,0.0472066789946716,-0.173811824112095,-0.345920527498745,0.0176008376023471,0.19006638779309,0.232873549422572,0.0530833509797062,0.567594470011804,0.123236180684174,0.211198189085809,-0.140517389794406,0.00716392413188089,0.182953185183989,0.0820919931041566,-0.0955160099257624,0.0293656039469854,0.036881914297158,-0.101419323207078,0.0612187178125709,-0.226091246271374
0.165294375172057,-0.0199940267603082,0.151602131050134,0.199551765489434,0.0495946872703741,-0.185919199199301,-0.352190748643241,-0.0175699505197549,0.174683579760097,0.221756100774119,0.0479914726939757,0.584015749617766,0.116124968977438,0.212879253380287,-0.102541882250953,0.025542690617465,0.144915475458981,0.105261641909762,-0.0733116146915799,0.0767138637172498,0.0604867324551662,-0.0825657865742044,0.044559125876802,-0.204560276655048
0.13885363038205,-0.00428005419604496,0.163607821926645,0.221995942614267,-0.0412012265793475,-0.162393046902512,-0.371498732974853,0.0558652312705585,0.145467049134634,0.233144998887886,0.0370112793873248,0.576055899839196,0.13064682377938,0.221496002783041,-0.0799070373271452,0.0311606986454894,0.102624398909343,0.0882669225724457,-0.0518836125635515,-0.0846503795712298,0.10723154357209,-0.0519515112067098,0.0593850023460401,-0.215095113335312
0.127667754929647,0.00333523631086831,0.176130720290419,0.230862249131719,-0.0416580167493152,-0.142717409312184,-0.383001942324101,0.0775138487226329,0.126669387790244,0.244191309087063,0.0319173885173076,0.566780465977838,0.14299945897796,0.224376073077858,-0.0747050943159581,0.0345501954749754,0.0821230746829344,0.0749161571908565,-0.0379627467567132,-0.0827468530281442,0.137602321506428,-0.033881673116654,0.0746902734596964,-0.22310305163916
0.0578505334991577,0.0199353730875512,0.184167314489601,0.274443961105533,-0.0348477754513405,-0.0964322325912807,-0.464675095268185,0.107615790358234,0.0525798702494856,0.257750396040828,0.0478562460025207,0.486974393988297,0.162917861975285,0.259405201325035,-0.076715234091908,0.0144230655406737,-0.067016659233351,0.0168340082979326,0.0943645247687544,-0.0671907097087833,0.193488206000984,0.069510415224975,0.138709916224384,0.21084535539191
0.0498295903848112,0.0169416570908003,0.187983912913617,0.271026713516528,-0.0389332544600172,-0.0969802618267782,-0.472180274339729,0.106064475222563,0.0371475917529522,0.247639917025189,0.0522254178179131,0.475322930028548,0.155916837049417,0.26022629150999,-0.0751541638618833,0.000318035367797658,-0.0885353329298579,0.00591899623256391,0.114181649883308,-0.0733505997809238,0.18767297974654,0.0778871657552263,0.14395169649795,0.186885556307459
0.172338037771171,0.0305928924844123,-0.196919620738748,0.203110713055368,0.132471720540631,0.0684384245283875,-0.326182006014963,0.150957563999751,0.195037826600728,0.362246994816913,0.066893315564726,0.328724985974343,0.249451609228759,0.190497905521143,-0.313588033685587,-0.107499208377711,-0.202006383329591,-0.216740608013026,-0.179960665671287,-0.236843694715872,0.0933006915482825,0.0852143803362004,-0.219105436267508,0.436656723386772
0.203660623176534,0.00448035283229718,-0.187402333422266,0.164668842590926,0.032218050080772,-0.051891555581468,-0.343053626135049,0.1241906988374,0.207248181876742,0.301277245910203,0.0674890434128949,0.438675614951718,0.191353176373985,0.199486992792151,-0.261881002726881,-0.0543439139332311,0.230905362331877,-0.0703395378976749,-0.150241470134388,-0.158821573295613,0.028369846299721,0.111417732121402,0.152951083919748,0.357875957933745
0.193249566163108,0.015217364768942,-0.200573130399689,0.182318607479821,0.0723685870577584,0.00685947126607116,-0.340013980057052,0.132136515939858,0.198683494882866,0.332998920853927,0.0672560800504815,0.393477041487411,0.222635997774299,0.194021478787692,-0.287418515148535,-0.0749062175849525,-0.220601104180169,-0.135488648058103,-0.164843995179351,-0.197649935997097,0.0634830600360132,0.101727678631237,0.186546696344512,0.401737105643231
0.205911988581481,-0.000356957419414022,-0.197128845790006,0.162794950631185,0.00355803729818161,-0.0805201251964848,-0.345975039329174,0.0844521942668573,0.195450933563997,0.285493587078206,0.0570170048458278,0.486280877755336,0.177930774852407,0.201055330272787,-0.225554947138878,-0.0363407150942987,0.225029889162603,-0.0283216317022649,-0.143069152540532,-0.109947214642516,0.0385422602023028,0.116678822193969,0.128872898120991,0.33087346995324
0.205119830557632,0.0077017126552562,-0.210412195329343,0.169054780988785,0.0342735830695733,-0.0290853984789609,-0.344630064304166,0.104230968738788,0.191231368867893,0.311781582013858,0.0590552604739208,0.443716456120138,0.205923919131905,0.193297552654718,-0.257204268531163,-0.0532720935377249,0.227527712384218,-0.0828760704075238,-0.159202493234278,-0.1608455319645,0.0556625074117105,0.115481355753484,0.159612810000009,0.377440362599824
0.195704413061624,-0.00769208089577362,0.201048615956611,0.171509863471968,-0.0310112982256969,-0.117398461585435,-0.347813398844457,0.0212536403866968,0.176058302118419,0.264508315626544,0.043910672487351,0.54259924938401,0.158083520854858,0.204258567343986,-0.167858828918774,-0.00890487523906936,0.200606427461993,0.0264397921107758,-0.123499964575495,-0.0271370068366638,0.0652747860210098,-0.108943491332727,0.0972056835191702,-0.281545139310633
0.188062090871758,7.98994297513747e-05,0.22084017680934,0.176407389872453,-0.0356969850024713,-0.102781955397796,-0.350940685849313,-0.0118692013974133,0.156262173071408,0.272144603902203,0.0320821825425674,0.547199881758818,0.167629304140499,0.204905642364283,-0.152098100161372,-0.0054932802585651,0.188491930668404,0.0188695513856636,-0.121687290907318,-0.0180884027074427,0.0991157313762509,-0.100885685249529,0.104239449577036,-0.286612864844996
0.134641560922174,0.016262109397371,0.227857035510195,0.224968196272952,-0.0476111482953767,-0.0808646970020508,-0.398263006150078,0.086575991130418,0.107320737208499,0.291665827068557,0.0351101859948485,0.526922900631849,0.18977167895709,0.226173588191761,-0.121039581627437,0.0213667047903046,0.0927158795454623,0.0155459287829407,-0.0367434759163232,-0.0110016985548282,0.185696174147294,-0.0255558394761841,0.137683450912551,-0.284717410757034
0.107004418681934,0.0185442862250975,0.212701205738758,0.248546655056396,-0.0452329020449055,-0.0852938208278585,-0.423410792403103,0.0997628476854587,0.0900296359152645,0.2857381802032,0.0419686794016602,0.514282823384616,0.186916191933812,0.239154601984274,-0.10666253970189,0.0271705485266297,0.0365784646793806,0.0196498502968962,0.0119191440880722,-0.0276022484546196,0.198254815535178,0.0105596884869171,0.142085970839896,-0.269546704642169
0.0931387556222387,0.0244633493364641,0.244733905941,0.254097429324162,-0.0607380401724065,-0.0384414975109796,-0.457112702956844,0.113990518704431,0.0480620003657592,0.311278572714443,0.0571390044307464,0.459140402847358,0.21824482348148,0.244961311302713,-0.141885274459677,0.0154658475776473,-0.0107548354856416,-0.0270597506875962,0.0702132702050295,0.0204820745499255,0.239002069449918,0.0482541668038624,0.202985078084128,0.288827247777027
0.185036482117858,-0.0158688495627415,0.179961098256606,0.179275992119312,-0.0469750541137373,-0.156879083924906,-0.344792443162337,-0.00377309884884725,0.173791740273041,0.238363710959961,0.0414189067691093,0.573970278453113,0.131966111366088,0.206466777671578,-0.128931459395998,0.00926705749993196,0.179429480059207,0.0734451523350113,-0.104884165924905,0.0339041937763183,0.060522372284902,-0.101942708759338,0.0645201258936419,-0.234318569876924
0.17407059407318,-0.0043462275139885,0.198963727462657,0.188637458185834,-0.0445559069595374,-0.133594959694663,-0.354889425125832,0.0304823595332589,0.154227228519449,0.252954391555984,0.0326593531572683,0.567748154399844,0.148116948279644,0.209935792489232,-0.121599992356157,0.0101521557914036,0.162968966381487,0.0547311506098711,-0.0988972760589552,0.0290824651752647,0.0968564888673156,-0.0876255711208923,0.0811540804274142,-0.250427478590348
0.148876452042162,0.00558259765957562,0.206758204877007,0.212246453767691,-0.0464283012909856,-0.115961994037041,-0.376348280680146,0.068404450916521,0.128629161583597,0.265550790708777,0.0303538316743029,0.557373230329871,0.162426365371114,0.218197185775731,-0.105711064829266,0.0221935463515486,0.119144207986716,0.0469022987180019,-0.0644290063411859,-0.0408343105681448,0.14408464482565,-0.0527616366880902,0.0985632478024687,-0.254967432647353
0.123053878031204,0.0102197770190978,0.192630760609044,0.234445772117589,-0.0434794965816312,-0.120538298473041,-0.395052652027171,0.0876357609925189,0.114260961065215,0.260891466439418,0.0327806684946618,0.551110838398294,0.159870761468349,0.22840731595153,-0.0856902251547371,0.0321404308391057,0.0727250354864229,0.0545687225849692,-0.0268009509330274,-0.0622199474687624,0.161039785353394,-0.0214986534292669,0.0985946221616641,-0.241887537892629
0.0679542738200418,0.0234095832750372,0.210758358396096,0.263646957597864,-0.050253956173635,-0.0738575324444242,-0.472233719961674,0.115617559965687,0.0392027610366245,0.274523231597971,0.054128421289232,0.473085483216342,0.181603844159668,0.254897646738504,-0.100749765565087,0.00921979834203366,-0.058169692052922,-0.00235630227441685,0.100088886998554,-0.0365998393119721,0.209041460591423,0.0683544026228321,0.169418238632609,0.225051430664403
0.176279054785639,0.0320124815654876,-0.22901344881478,0.207335468635635,0.115386169210536,0.0812274351397652,-0.338665340562221,0.11701429233518,0.175695700422922,0.372110036796164,0.0604937580765878,0.350902484832522,0.260512967345402,0.190752899520338,-0.303951070722339,-0.0981549244463307,-0.193966995285661,-0.208646025879034,-0.174270448047226,-0.227249012016495,0.126599361351223,0.0869121094617649,-0.224876744596997,0.45215447854485
0.163601005735744,0.0360846673117327,0.269613357560452,0.215151460924791,0.0882862652000464,0.106400866126288,-0.354015923136183,0.0668636415769003,0.145772214613334,0.392544251898315,0.0603210927191639,0.350874393037747,0.281586038667676,0.198099019422547,-0.295853175479209,-0.0870773545315983,-0.171853352196272,-0.216005745288603,-0.147112292868971,-0.22419136787677,0.18735973747749,0.0680414118269544,-0.254163345454648,0.470800480105298
0.132347205319299,0.0320675868631128,0.333523281612965,0.218641291773653,-0.0228536561069371,0.120520071685009,-0.385565043134142,0.0510526301772895,0.0715421936443334,0.409379615731446,0.0702741435111693,0.328164544370515,0.309441323687048,0.208469924005039,-0.275609445571902,-0.0284915396417286,0.106791127887009,-0.18499543699053,-0.0382966900484591,-0.217966266308361,0.300645184342315,0.0080188493417342,-0.310728432905603,-0.47875594605242
0.130185368161887,0.0317272432831926,0.336733892350378,0.218178168489787,-0.0343225816180771,0.121956452254651,-0.389881407758233,0.0575580148361295,0.0580290527919812,0.406552050638983,0.0708219735883467,0.321026702541745,0.307944072834543,0.20998715023765,-0.278046421567967,-0.0259840041482831,0.0895512620769089,-0.183836035867277,-0.0182445457709299,-0.222386652433422,0.306334339938175,0.000153458386870316,-0.316743152248294,-0.474839134737701
0.206543306112178,0.00665253660911595,-0.219568078107787,0.167216441210348,0.0198821597407959,-0.0387511889940889,-0.346413646613733,0.0829873658844372,0.183324082555358,0.306527995410735,0.0527976915249177,0.464861557452398,0.202445710259313,0.193682341480012,-0.240493933837007,-0.0450994912089518,0.225464999281955,-0.0662725267991013,-0.156637542589049,-0.141122381925409,0.064503081959697,0.118185651819136,0.150956415077063,0.3686123064852
0.192925392747937,0.0172391884061925,-0.23945043314368,0.187078206538796,0.0414551181296696,0.00868427601115678,-0.352842574619884,0.0716855727851357,0.170089424943108,0.33841398816704,0.053674517197472,0.432769959168163,0.231764871653368,0.196676907819631,-0.257455315646603,-0.0573845990069912,0.206904003121186,-0.115231317403081,-0.154143951594444,-0.166144756415538,0.111196799258348,0.100458181072242,0.186040937672021,0.40502490015395
0.164972487576644,0.0247583948263932,0.286451033610632,0.209472039549889,0.0129406738474625,0.0515736727705603,-0.374273631472686,-8.13819163621721e-05,0.126538659837172,0.372814852101273,0.0559801946188575,0.413046875646306,0.266962711065246,0.206620823682486,-0.250021034630502,-0.0411826217024198,0.162040241533541,-0.137366581221421,-0.108033741509581,-0.16436858444415,0.206944347953073,0.0593876153569081,-0.234566995603761,0.43165261969486
0.139745747004096,0.0296246339464116,0.315264732847107,0.220463666136322,-0.0247292624415115,0.0766201773610426,-0.393397592189219,0.0539556596566787,0.0847610416501437,0.3894496240616,0.0625418630596403,0.37988388261671,0.289415639673462,0.214810114769497,-0.248076299489393,-0.0221600091785697,0.113349677702573,-0.145054320655863,-0.0467735386561092,-0.175277615645241,0.272333535463411,0.0172581685497227,-0.275977539114984,-0.444744963791295
0.123069264326997,0.0294368472902375,0.308992898093376,0.229649168781645,-0.061975466831857,0.0534597121139567,-0.423342460051153,0.0931027840019583,0.0507617861613602,0.374210095833945,0.0647415167147723,0.386621309464892,0.279799594831155,0.224687590304568,-0.226610436235303,0.000627789331867284,0.0553544399596999,-0.11092271230476,0.0232279684641351,0.145092559292877,0.288438220558206,0.0196343272728561,-0.276780529726721,-0.404580491291014
0.202800348089414,0.0040637965687648,-0.222687035048966,0.169866606952407,0.00153683566061938,-0.0580712000096704,-0.34918088512567,0.054298433823511,0.176012502730845,0.298099367191852,0.0472816848937044,0.492123273892305,0.193485158985255,0.197888512382168,-0.215846125524744,-0.0333199647811599,0.216557997190227,-0.0407811334181794,-0.146746569699952,-0.105298546586226,0.0758945475285406,0.114311688930445,0.13834302857419,0.346363422776868
0.187785412078797,0.00873215925121917,0.24089268761205,0.183556843736222,-0.0152524548456895,-0.0545285982810253,-0.35951873062954,0.00438842029129476,0.153432286448176,0.305343775572643,0.0396591324584672,0.506228886014363,0.200535397794437,0.205144896286907,-0.191080131177388,-0.0211317741725151,0.190558342778057,-0.0340728122538008,-0.126451439609995,-0.0758319578055134,0.121948165911123,0.0949068809400748,0.145082599409749,-0.339626805811009
0.159947139304843,0.0150556311028977,0.254828030225116,0.206991565726846,-0.0365953581874222,-0.0451757791646519,-0.38240175732154,0.0535518209827098,0.121232530204086,0.316442264507713,0.0387481981373229,0.504441238334269,0.212797762429226,0.215883166341248,-0.166908371522674,7.144604232244e-05,0.140940362794954,-0.0276891235368444,-0.0785952018583319,-0.0488342483711953,0.181722969549917,-0.0547031262432309,0.163266180466132,-0.333694365599539
0.130393076331547,0.024675752394628,0.267416259920874,0.229717247089464,-0.0497173597723488,-0.0191390046291997,-0.413890297973442,0.0898987881989158,0.0864570177390232,0.334712378214269,0.0479025120810123,0.469781778942246,0.235103873238521,0.228782818173917,-0.168989541744568,0.010747761629943,0.081941289081769,-0.0440475688175197,-0.0164865631422459,0.0611432373224677,0.234308539393285,-0.00629093020816678,-0.202490356482502,-0.346166352872597
0.11368907744131,0.0261564983368343,0.260780497614,0.241084434841324,-0.0593683556657268,-0.0233704098221195,-0.434037858591984,0.107210936432235,0.0678149968911093,0.329874164441185,0.0521985662255634,0.462290197332431,0.23276068782346,0.235425058443363,-0.158711512384186,0.0193371774156475,0.0416057452680387,-0.0358632326904978,0.02541316637423,0.0467398856539971,0.246448780322591,0.0208455180497922,-0.207431141019991,-0.327639496133729
0.178615354989907,0.00558226480084502,0.230852548378833,0.184904971651923,-0.0384230898627631,-0.0911309387433673,-0.358826976214672,0.0322819118084204,0.143608342572218,0.28122934321137,0.0296946341332966,0.542630409505657,0.177181570815832,0.208459515227759,-0.146956959997705,-0.00194108505977362,0.173258601176048,0.0115005549611989,-0.110159487923647,-0.0165564823239091,0.124980069757049,-0.0875244141261785,0.115727616746268,-0.293045445967013
0.16761238325931,0.00663349967032626,0.22481664060543,0.193493337176886,-0.044211904082486,-0.100830066315169,-0.3643368647492,0.0508710199553935,0.136142453261493,0.275405609994233,0.0279075793035895,0.550734397175955,0.171407165933647,0.212467407524164,-0.129050802764211,0.00717214507136823,0.15429769499743,0.0257383946210973,-0.0941927432846977,0.00695399856888208,0.134900079120865,-0.0749125978269568,0.109449724204783,-0.277269291335737
0.143984788758783,0.038455511384854,0.30675551766483,0.219787635485936,0.0566361729631996,0.141697399185413,-0.364563286707001,0.023069745810808,0.11107925373222,0.413500102976507,0.0676896205671851,0.322601551392247,0.302416649454727,0.203515934769022,-0.298204099486952,-0.0745425077916697,0.142603522389897,-0.232499975941771,-0.106889565035899,-0.236951714341771,0.250016531647709,0.0396433733537083,-0.296575049976291,0.490631448407323
0.132854619793469,0.0354442224481272,0.333933222535541,0.217237388630455,0.00694325084512258,0.150741015126613,-0.373101441357722,0.0203620319785049,0.0761095265932274,0.417580740083812,0.0721968413610499,0.302728555916078,0.310276837232261,0.205781404163171,-0.296444596515448,-0.0519681666805602,0.112008160484524,-0.22336255200875,-0.0576850718274494,-0.244356881639824,0.293589098463326,0.0164800152197315,-0.322220564451219,-0.495202129992059
0.143145649427045,0.0321855860067674,0.320391896726801,0.218188108358528,0.00575077283765921,0.111994561350778,-0.378331370841025,0.0235687957394531,0.0955402758081597,0.405608899452555,0.0664476673170713,0.347245039339241,0.30274051700262,0.207045074243285,-0.275503612422722,-0.0435106537557083,0.13213438177014,-0.18811190791256,-0.0755208265888617,-0.212143444507392,0.270647173356124,0.0287020171896914,-0.292161864827594,-0.476689268194524
0.137019522573187,0.0323945992467226,0.328665757761919,0.218885908332687,-0.00777319245676815,0.117205373777663,-0.381361243829455,0.0387940256640584,0.0843375183636165,0.408634146581696,0.0683737611988836,0.337282631837663,0.308200903598963,0.208046958431027,-0.274586751986819,-0.0368098634892815,0.121081344262724,-0.187911521732971,-0.0591241691330393,-0.215684507338679,0.287443740428265,0.0185018198015325,-0.302609946818405,-0.479916169656253
0.156775545539862,-0.00990379643147402,0.355312895395335,0.17577893754483,-0.0884151926017707,0.166003748138013,-0.342727762945326,-0.0173693919819564,0.0245768528038753,0.409486378913775,0.0575234547101138,-0.200697416932016,0.290909274165704,-0.175142188610601,-0.374841683688212,-0.0527647815103318,0.0569575969754314,-0.269578744447136,0.0410877406716569,-0.316705772299987,0.296475490722122,-0.0341001735971838,-0.317018701250589,-0.508170130278589
0.163151674118551,-0.0238548624673347,-0.355464685141428,0.168333759584387,-0.143908649740552,0.132508905920266,-0.374690688392887,0.0122272439081202,0.0182418075466326,0.413637822624783,0.0613096097091996,-0.225664529723411,0.311418713471576,0.163527373376007,-0.375283798064883,-0.00942459705542743,0.05908508019638,-0.218108851961863,0.0912304489043525,-0.282933654222508,0.315388888185646,-0.0118243993385213,-0.30555089172569,-0.492281970256588
0.179873110275989,-0.0351782628587583,-0.344361443286987,0.139710384046652,-0.235357789546649,0.078788106646099,-0.424598628176303,0.0602419483897611,0.0138227628505824,0.428689663580663,0.0451401112127662,-0.25406320809697,0.347300292420005,0.13307090046163,-0.375573658645643,0.0779926146928127,0.0720006143126641,-0.128408602279004,0.179790718991678,-0.227855857341511,0.348989639449466,0.0229284611816177,-0.259362348884526,-0.474289463764636
0.174493305793264,-0.0320078487929674,-0.349129411297913,0.148944743559229,-0.209232574519807,0.0909507469688224,-0.416560981717654,0.0522605747105745,0.0102484955293553,0.421824347121583,0.0537687314444206,-0.252072042905041,0.339497204920527,0.141293479316451,-0.374762425666918,0.0513289458490494,0.0629480412557538,-0.15339982437319,0.160407096570082,-0.236212161875694,0.342071778844828,0.0156970264379089,-0.274832215827513,-0.472639345028432
0.162279554793936,-0.00961783502684928,0.343391373260642,0.172667464369322,-0.0544748896359967,0.175439333404592,-0.319792235595356,0.0719938308546831,0.0457132400934948,0.405857156360017,0.043069484185547,-0.172652554655848,0.263075224368447,-0.180040148294829,-0.384351715668911,-0.0901715124180384,0.0572674012392278,-0.32185582833237,0.0165769124408611,-0.341689054931352,0.2611744447782,-0.0671465346315265,-0.296228631988771,-0.514073427725599
0.163418142154347,-0.0292736842420515,-0.345563074280909,0.171731835529909,-0.111387335898672,0.148394108439676,-0.343097330399196,-0.0447918851855703,0.0429017669103728,0.41122719186052,0.0531501388236703,-0.193125040053461,0.283148739148962,-0.171972530215659,-0.384820037675665,-0.0415095212702328,0.0636008189458198,-0.266492387120017,0.0574391984118418,-0.315916587391841,0.283892526902734,-0.0426159107818934,-0.294340706913077,-0.511812184741215
0.166760302673884,-0.0410841044626499,-0.346233733159753,0.164506755240225,-0.161676017467552,0.122810861120795,-0.368995941721079,-0.0160149767290741,0.0406715684342748,0.41894424818661,0.0587178559316634,-0.212758833077246,0.301580404363218,0.161419363692783,-0.385105280721794,0.00542329865292634,0.0708914013312848,-0.214603942522552,0.0997131075888913,-0.285771323139967,0.30645321932596,-0.0213008555876781,-0.28472365094857,-0.506407807597214
0.189566198560568,-0.0400734508850601,-0.321912199555662,0.126778478785157,-0.271677452682934,0.0420074083690693,-0.444461449232107,0.058769780076254,0.0258486862258727,0.428732336738908,0.0259111283018762,-0.263761712864851,0.351493721736697,0.123754466022202,-0.366137703697773,0.125215641338008,0.0726222823316348,-0.0846805739892835,0.227054863397766,-0.203906176566891,0.349075619539533,0.033304702606398,-0.213486624572165,-0.468556663862989
0.18175337239318,-0.0417468833621412,-0.336767627158211,0.140057413468496,-0.24021444794996,0.0701187255019988,-0.422930825668039,0.0416698885425345,0.0274753692275105,0.427702313693924,0.0424539415485223,-0.250830647312562,0.33899659530568,0.1359941740313,-0.375031700179813,0.0859626083421139,0.0743995812615076,-0.124845477848754,0.184679816971197,-0.229325546361559,0.340463010189761,0.0175848195531959,-0.245496807452184,-0.481096543134321
0.172492434536481,-0.0477640400631983,-0.343956665249776,0.155622156611953,-0.198855673146058,0.100232247447769,-0.388085616069022,0.000640862676321585,0.0415222768479708,0.423052722668397,0.0566782662405216,-0.226608018595097,0.312969931447015,0.153030538802923,-0.383048700633406,0.0408822998975136,0.0772602814350439,-0.175565424649392,0.132103330274975,-0.264434093190605,0.318084776384059,-0.00819340573232451,-0.269657551868716,-0.500920548985914
0.193673256167521,-0.0363118083393327,-0.308503029554758,0.11893879840047,-0.288087052729952,-0.0252439121066676,-0.457370011296836,0.071265202146223,0.0212972668596817,0.427887451374184,0.0126036079128572,-0.271074576141602,0.361475036921761,0.114588659659802,-0.35915386449638,0.149282853611495,0.0670017084949841,-0.0605738441115717,0.256279270352914,-0.187363840391633,0.355557610399065,0.0465946512639864,-0.192815830305429,-0.457042463644386
0.169024452392903,-0.00108585105335665,0.321387611941142,0.168127655235586,-0.0226761449966365,0.166070383538461,-0.314713084874968,0.126923705418847,0.0675614260870271,0.399295174159975,0.0191910278809713,-0.145403425897185,0.23455562312005,-0.183937871151798,-0.389958170963615,-0.130484019865797,0.045683308338336,-0.378393359650246,-0.0138151568307153,-0.358774870235149,0.219018407966195,-0.098249275496823,-0.259042547326179,-0.504746432353084
0.165164174343167,-0.0295434732628184,-0.327236652333269,0.17508119414433,-0.0823366584590851,0.144629019801421,-0.332515170050122,-0.098334962446921,0.066719682004651,0.404330535040313,0.0409223896842703,-0.169856770007236,0.254493645551464,-0.177790099123509,-0.388671038044359,-0.0712470636145518,0.055786151453712,-0.311843736989024,0.0469073429619342,-0.332028618749613,0.248710189239975,-0.0713639542525533,-0.266656183506434,-0.514784780220462
0.168094549869898,-0.0617027406084336,-0.326436966008394,0.17234310058139,-0.161836123759814,0.0969366559088693,-0.360749114467271,-0.0827164954841584,0.0812702957152157,0.403515221631427,0.0602465036870694,-0.198451959270577,0.262726095551526,0.170849873535715,-0.38241016640702,0.00393603512817938,0.0726185013282691,-0.225028900125968,0.0991827200821217,-0.292298385546088,0.265542631698648,-0.0491497317349638,-0.250093393824757,-0.515778791980766
0.165711325633261,-0.0475363929687783,-0.334289006655241,0.172171479596198,-0.134438729280861,0.125658411985726,-0.349163711048907,-0.0690413706597297,0.0640849443697095,0.409829132076262,0.0551414877097104,-0.190814349997486,0.272289780677621,-0.170971751290015,-0.38755403524089,-0.0222323548397567,0.0682005809128567,-0.253104661697765,0.0770369928653423,-0.307211106698026,0.273291270175142,-0.0482370853421513,-0.270795977971308,-0.516073302433504
0.185373330478636,-0.0485801728539819,-0.315735592833799,0.138966733873145,-0.25922603510103,0.0339121448942033,-0.430645398546237,0.0131776333035893,0.0567704584509255,0.419614200950297,0.037453778913337,-0.252817600321241,0.321361929951714,0.140879425380474,-0.363576927764427,0.115929682783346,0.0757823986410249,-0.0982628893742478,0.212167510047813,-0.217804346383855,0.325294607649263,0.0125135645950178,-0.207272798490866,-0.484822188676964
0.173930055705291,-0.0573781164021546,-0.333678620045979,0.158046370540898,-0.204834448920794,0.0827893762064464,-0.387532952726877,-0.0285455502007253,0.0629618514575661,0.416503556532278,0.0572837757840017,-0.223262336777189,0.295381364693373,0.158017541239688,-0.379728629246766,0.0487172619282753,0.0795321560713003,-0.171246234066869,0.137885013661112,-0.263838301106757,0.301020548007443,-0.0192568686966431,-0.249515517043607,-0.506631748912263
0.168536011709348,-0.0543485322108883,-0.339119569600679,0.164682089657688,-0.173318609646152,0.110226208533379,-0.366098141265132,-0.0399494486322441,0.0589160445637308,0.416217622474751,0.0601018767576808,-0.208106748052945,0.289210285662773,0.16354410324553,-0.385858359556964,0.0152617964146875,0.0771928732481668,-0.20802864307513,0.104576062192201,-0.285492385355327,0.294073191475815,-0.0293033223299041,-0.269508684760265,-0.512628812949314
0.200646673901133,-0.00768672734597434,-0.22920806808321,0.0926163984940303,-0.346231811305846,0.056544977893966,-0.485477508879591,0.107742300122796,0.026450347176953,0.411639828212399,-0.0369530311359999,-0.282305525294831,0.38917665132735,0.0908532189301931,-0.30989051917624,0.259155649343983,0.0403888097340443,0.0525416378671736,0.386064931626807,-0.12123556547398,0.381690891485718,0.112400221120395,0.107659548658964,-0.4007533894097
0.19889749995776,-0.021930126151806,-0.266031528984502,0.101734654986731,-0.320515237403229,0.0123236966728454,-0.483098821398711,0.10574146157622,0.00367211861897594,0.420623664526725,-0.0226256102605543,-0.284952908957672,0.388544188917362,0.0902339214063131,-0.336908932994787,0.206939642439721,0.0449283062246863,-0.00222652058426216,0.330630385606995,-0.145148810391867,0.374078886769114,0.0889074384963138,0.145762221999925,-0.418576669664802
0.171121348301529,0.000139676762479504,0.295326545818329,0.170851718463893,-0.025127087207515,0.135291106157769,-0.334320129737401,0.162167602252457,0.0859217051701403,0.394050240334356,0.000527538545130463,-0.130807836647155,0.220858525556245,-0.180989145437565,-0.390806916272112,-0.134521018539388,0.0287567687799585,0.397417776713207,-0.0456900050418074,-0.357124689837575,0.195103124856049,-0.107525108925886,-0.217379865846972,-0.496804709142522
0.16931151102666,-0.0217487832579858,-0.302281876443406,0.177794011657904,-0.0605371632222792,0.124728478177708,-0.338782758046879,0.149924074361211,0.0874971967050884,0.393077136855308,0.0184538630610685,-0.148144869732166,0.228303372438167,-0.178902075653375,-0.38768304247676,-0.0979860323168289,0.039006437074179,-0.354081851503941,0.0552000775698982,-0.343212756505973,0.210113557421424,-0.0948424026694107,-0.22661771359756,-0.505877953855304
0.166116105161545,-0.0669720326324082,-0.309074201628106,0.183149855384705,-0.148502490871854,0.0760820788315722,-0.35964380855081,-0.130607123210956,0.104922360155455,0.383708790322894,0.059813441759212,-0.189204707427107,0.22972944409046,0.176860775059809,-0.373957875455574,-0.00840712791850913,0.0631608368641442,-0.242312127485119,0.0961039801822693,-0.296162870920264,0.230337932115648,-0.0710699024351752,-0.224423336996867,-0.513996962453503
0.167314743984806,-0.0500088179538713,-0.311948482947536,0.181164279238968,-0.113521523236624,0.106025668967937,-0.347590814653487,-0.128821772172382,0.0908044567933749,0.392577895678012,0.0443413974397483,-0.173139130647625,0.238013638761371,-0.176302729344896,-0.383471419091857,-0.0449732281168358,0.0554594842132784,-0.287929973810882,0.0747679482773517,-0.318409362297909,0.230996285267784,-0.0760425758677475,-0.236346881637856,-0.513887861791949
0.164315308949979,-0.0456734841308122,-0.279816852813133,0.162628421351257,-0.255302413055068,0.053395417504702,-0.429042349656923,-0.0677324547921491,-0.151787992411589,0.372029907767761,0.0799667923901438,-0.25858066140317,0.231828162387063,0.18849882318861,-0.311249890464738,0.140292386948907,0.0827083213066061,-0.0538086117139839,0.225446811249334,-0.187393989278412,0.271906994350846,-0.0149739192724452,0.162584708775428,-0.481608889105908
0.17226161213153,-0.0551109977269248,-0.296591745937139,0.15951277250535,-0.245445548738178,0.0102282221316294,-0.421201660823786,-0.0573421820783217,0.118076550465556,0.388137223321567,0.0659738835007267,-0.247701829298294,0.256945981073968,0.172635023926029,-0.338740015283146,0.114216427928234,0.0783013317702068,-0.0936947831293873,0.203671080214294,-0.214269220369315,0.279928767143808,-0.0181186445878525,-0.183015733822188,-0.492996200764992
0.169049429824343,-0.0667048381882994,-0.314307580281829,0.172212137733104,-0.193470543486978,0.0518340619207557,-0.384560710727362,-0.0888249965134272,0.10104299354384,0.391938874795848,0.0660562342132553,-0.2161058544653,0.249577943763791,0.172476517725811,-0.366403102152893,0.0421584359279703,0.0738195606580206,-0.180231162597419,0.13436733891384,-0.264994718286586,0.259254777600879,-0.0462997692401734,-0.219950153247649,-0.510229610037818
0.200872197508764,0.0129971493699521,-0.215788415282664,0.134392015847473,-0.304622225929476,0.13260643040936,-0.434943948472562,-0.00450838994319697,0.19126682760228,0.383200960053995,0.0387652327632079,-0.274742084504078,0.313599687732533,0.193656291099071,-0.252274234648516,0.235021544158325,-0.0794893424330317,0.0775873913127146,0.368801881799798,-0.108401500063149,0.348279216294344,0.0893028520434676,0.131229043267309,-0.374797373657895
0.19541387137181,0.00349384070774559,-0.226319651947708,0.129390853047436,-0.312164415898373,0.116644786248693,-0.444977212528294,-0.0156367174645768,0.165646929276373,0.389537466306533,0.0349626098966332,-0.274033207163287,0.318552209309631,0.177516376024736,-0.267011138684442,0.240592542313065,0.0771861697774237,0.0667286286805477,0.362756300852353,-0.117876951977353,0.351904129985288,0.0812690997301367,0.127468515775388,-0.401458099420423
0.186975729631813,-0.0201653019301395,-0.253568153939209,0.131616123163953,-0.306401921217463,0.0743504153336075,-0.455899591844377,0.0124114807424554,0.118504208899453,0.39482600658675,0.0320715193683495,-0.273442316346502,0.310119601570471,0.15759750173299,-0.303014571509625,0.210959528438834,0.0703991823022638,0.0161988122145946,0.319582758129451,-0.150337827482218,0.335102211137886,0.0528459134003006,0.137880505941929,-0.442593879594038
0.192112034610555,-0.0351793063038547,-0.281543338429108,0.124363242494098,-0.300053393522741,0.0216123081983494,-0.456871639990158,0.0339456983167698,0.0679459232201657,0.41306938902601,0.0182542255697122,-0.269984270300235,0.333536186312236,0.13268119937678,-0.336979964075825,0.181593306585492,0.0684894953511079,-0.0270918679305224,0.285746675789185,-0.175442011507962,0.340089949334276,0.042675986711592,0.158340738793073,-0.460457012991773
0.208838077335222,0.0240917780673087,-0.193402719336669,0.11790795209258,-0.324573060250571,0.132424080831555,-0.435723358547295,-0.0547825356733537,0.157308392894449,0.387951058422085,0.011134669866398,-0.266537128834393,0.364648472728785,0.172840333929483,-0.246413640260575,0.263208979683368,-0.0567585276562031,0.104362198751343,0.423838936689597,-0.0919569061777283,0.385378127782586,0.141246579853924,0.131732539096898,-0.33265590675346
0.174034262934203,0.00517283022747949,-0.271434281556801,0.176554200967495,-0.0406514161502893,-0.0979319413435754,-0.363654648976226,0.193925616829387,0.102195135308681,0.384496736600945,-0.0181968562748688,-0.120597454384686,0.205948936247703,-0.172119962773938,-0.385807530268525,-0.122261624888715,0.014041368847606,0.396289872038067,0.0825377816091576,-0.352334146220433,0.174141203222125,-0.11076297207944,-0.174598171743817,-0.489552664695126
0.169948168726059,-0.0318741592470864,-0.280694389592214,0.188606579049686,-0.083574751711724,0.0824916148102858,-0.359628629443533,0.185053301895973,0.109520122428015,0.374812226339379,0.0144291519854404,-0.148208116638297,0.206249194314567,-0.173175746851788,-0.376287202945174,-0.0752014687994381,0.0308278068318607,0.336000220538739,0.0831126098483665,-0.331406100765305,0.186536915261768,-0.10117516268892,-0.188536093425017,-0.501545463157245
0.160285958139192,-0.0673696060518019,-0.291209165859773,0.193814949390649,-0.151688197882898,-0.0395999566016932,-0.372966621410031,-0.16196391805717,-0.127833268846614,0.360652643773541,0.0646369296006482,-0.193248427840007,0.196176614622029,0.181047986271693,-0.355642422407133,0.00176741747802438,0.0559735648831776,-0.229504171473195,0.106822944276084,-0.28329893310967,0.203105781666952,-0.0831781792559212,-0.194741502216308,-0.5086584729978
0.165471527350932,-0.0575250915429118,-0.288401217252703,0.193240743857496,-0.119896497593815,0.0651965475398976,-0.360611705378537,-0.17521906122069,0.117866364284848,0.367041567911664,0.0435001194043946,-0.171008310755722,0.202716451064164,-0.176521315336877,-0.367870117684682,-0.0360946210371133,0.0453520624762098,-0.281740351540804,0.0899188523177883,-0.309270488944536,0.195377860995771,-0.0926644711511228,-0.19700783967556,-0.507646553048204
0.140750358604834,-0.00894908432255558,-0.238685815236095,0.188715684981063,-0.238538802389148,0.110009577124303,-0.442530476469458,0.105054760317222,-0.220232764383162,0.347070323691222,0.100225172114777,-0.272065145369207,0.172982275098718,0.227476763995054,-0.256881251316661,0.154965835189564,0.0861208456074508,-0.0118031387663619,0.24038862873503,-0.144836876880328,0.247896024499841,-0.00200729518522465,0.145569529723895,-0.439567963335209
0.152233230431219,-0.0269902687639983,-0.258909152915314,0.175888575618643,-0.246664469230507,0.0869448273543806,-0.436469474389637,0.0900066980749382,-0.186842777874246,0.355344534788085,0.0898441119887165,-0.265440538315148,0.198123435011431,0.207516679788656,-0.283580109545213,0.14713521682013,0.0832640885657292,-0.0338209969308789,0.232349328578319,-0.167562557922349,0.256133563199641,-0.0130555920886846,0.149106339202632,-0.464470112381595
0.148675444167294,-0.0541596213808649,-0.280520346192369,0.185084111904873,-0.214987054965339,0.0401341120529249,-0.414259384943727,-0.120593663713506,-0.163253287065873,0.351098568817132,0.09538823337841,-0.24278280756603,0.183933817791476,0.199402952323827,-0.312171722202056,0.0925547559578009,0.0756726461724144,-0.105333292879547,0.173783137158102,-0.21062144370176,0.227933431297859,-0.0500596235178944,-0.169362569971484,-0.492394141101438
0.154865083578848,-0.0654361654186949,-0.289977150876781,0.189720481713656,0.185974582224839,-0.00310225719435693,-0.393948195196557,-0.139908299903551,-0.141511392440217,0.356411619903378,0.0819722709062642,-0.219031587743183,0.19130538035551,0.188278831797877,-0.337257558783926,0.0471335027031683,0.0662886930810039,-0.168030808105087,0.137397184643761,-0.248910604177957,0.215848779393403,-0.0681354061221541,-0.184870369173596,-0.504269152926581
0.204346896523982,0.0186919220079297,-0.199606034007321,0.148801080672186,-0.291630054572114,0.138474148780915,-0.428413096348266,0.00859507954147012,0.202264698972627,0.373449533912267,0.0406530617609728,-0.276990486732314,0.307836901700035,0.213204355402364,-0.24189860781789,0.212594028562586,-0.064985996040108,0.0757592243106922,0.375402515382838,-0.100624129376122,0.338903801623575,0.111228819533651,0.152603450225414,-0.323413938172209
0.173315051646186,0.000123456087255157,-0.231170970703602,0.162956453716592,-0.273718668941953,0.121749163494499,-0.441028977877616,0.0533831944077726,-0.210092341797027,0.368655572070546,0.071774196962956,-0.277518462864685,0.243111633284637,0.214202278168867,-0.257423088194944,0.194203968956064,0.0865021466382811,0.0328312948884662,0.303154508978152,-0.127993988309534,0.298052034049658,0.0410972076836591,0.140722575228393,-0.410818645614322
0.177703176197689,-0.0134734360895188,-0.247685313519121,0.147386443516143,-0.287997630397042,0.103126931028246,-0.444132631094451,0.028592141155106,-0.177822521004367,0.37964457332157,0.0633547234174225,-0.274159097689437,0.266619757365552,0.191647434128402,-0.276694220755824,0.204299400617579,0.0861768198969165,0.0256879764706638,0.304237294754307,-0.138862869779489,0.312428534589771,0.0344438645263411,0.135937329341787,-0.439004898805587
0.172460875637423,-0.000225010326311275,-0.244145292588098,0.193486232090262,-0.0691841010319534,-0.0489379748074407,-0.390045096792239,0.227242303390751,0.122288327367654,0.359154534196833,-0.026293424022408,-0.124355209805964,0.179041261583132,-0.158270392445655,-0.364329626953223,-0.0846295769232712,0.00480260592585998,0.36301868981389,0.110718380717882,-0.335702379917566,0.150209737850843,-0.114570235862485,-0.128428729807182,-0.485399456366586
0.156022090729487,-0.0280997494866219,-0.235438398306671,0.216024959839637,-0.104872289178717,-0.00221784034495169,-0.396981771920378,0.238303794324744,-0.145999555765854,0.322238838705597,0.0142853716571981,-0.161729495363112,0.139643867296335,-0.163698431836929,-0.330980917381696,-0.0291354181506416,0.0148244617210629,0.284431157568107,0.110762260482985,-0.296572855945258,0.136813999777314,-0.115281678008176,-0.11723201152208,-0.489966284733167
0.16602606260654,-0.0345614561583551,-0.256867116783269,0.202352962893941,-0.0971949466422486,-0.0400958738667901,-0.378076647990446,0.218622884121019,0.130038558734384,0.348135938454209,0.0122254937864293,-0.151539384442479,0.174153456870166,-0.167018844930071,-0.355496999410961,-0.0531168571041665,0.0216534250050981,0.314084850260557,0.100557883030629,-0.316528669515191,0.158491763936537,-0.110445372520128,-0.149385753559774,-0.495158634139081
0.122979251180685,-0.0370451010531154,-0.245285048006862,0.22320529472967,0.147683687856119,0.0444883148206592,-0.413732535791875,0.2035528896084,-0.176914294088615,0.306321474147322,0.0853950077312725,-0.21732096139628,0.103601933007782,0.19939640184443,-0.295081069105703,0.0364100782986076,0.0435784608026446,-0.173015036387139,0.122783354059949,-0.232090726251341,0.153865724247501,-0.0913138794609787,-0.138361464613037,-0.489458638019098
0.144206949954272,-0.0477252318184707,-0.256479413897472,0.214339504704556,0.137707268614734,0.00845064838864626,-0.396553195461134,-0.206074815311338,-0.15508693677916,0.324137476710958,0.0610421101018481,-0.195118614396249,0.138676450645079,0.183743083562002,-0.323396641216976,0.00767861260396401,0.0384290873978219,-0.221643429211565,0.113447991378782,-0.266606775383374,0.160137446070298,-0.0992905222152407,-0.147478313893502,-0.497639273554665
0.159178119022308,-0.0547471607904606,-0.267923664935959,0.205000152792742,-0.122341464276836,-0.0295516126177394,-0.37546806027187,-0.20509933085229,-0.136992012519302,0.342574193155584,0.0437303621326904,-0.173807780731559,0.169460429541806,0.176055096447874,-0.348158141954447,-0.0248378665823223,0.036132258883072,-0.268905288340009,0.100205326378647,-0.296690312824655,0.168000422358181,-0.103424857226795,-0.164727275893654,-0.50093722960765
0.156215671078966,0.0180823592994613,-0.187407417228367,0.211879377396905,-0.233062365648195,0.126912283280226,-0.44392918769714,0.120606681221317,-0.240410288776202,0.343836690651776,0.0724752959396142,-0.285834347948462,0.179847746487925,0.244870471119322,-0.239688054457446,0.15020367096782,-0.0691326658506251,0.0178344886718979,0.273221359136535,-0.12246808591901,0.246020281619325,0.0579904538413806,0.160729953220298,-0.347770171860286
0.134702006125342,0.00899735842155707,-0.210772007181063,0.208033450026554,-0.226400048193743,0.118232915405696,-0.450489338289472,0.125587943461781,-0.233382600223503,0.339762687011982,0.0911512594265656,-0.276676061300409,0.153981234874639,0.236617824286637,-0.244670055198205,0.150213545573274,-0.0771204788194723,-0.00532520105810634,0.243280159563691,-0.135299293265447,0.235358424222517,0.0179576559584397,0.147051639002142,-0.406547800025846
0.117311592066832,-0.00900984049983611,-0.231740964680281,0.212625647672986,0.202822937929332,0.0966839192601832,-0.445258446908599,0.1469060713509,-0.216511789929149,0.326546788449671,0.106373854305807,-0.261566578889913,0.122257347672825,0.228306574507146,-0.257761530625067,0.120429631438532,0.0716307097406673,-0.0546461959786742,0.196120890935528,-0.161369609644213,0.20733946251565,-0.0276208719031277,0.143380969057582,-0.4523014321422
0.12179455925528,-0.0328436481984934,-0.250749822991056,0.212772588418154,0.181670177164844,0.0656961915318349,-0.425257438428435,0.16809860019937,-0.190090275147266,0.318448852229728,0.102269124672636,-0.241082047069673,0.118442404060839,0.212685669575007,-0.283775389065589,0.0776040108447072,0.0621403750088955,-0.114684565206389,0.154244199822811,-0.201036963634777,0.184309978231033,-0.064506271228079,-0.147482662347978,-0.48114264588388
0.136522103457974,-0.0552690484174063,-0.269528561187389,0.205901454431569,0.173147237890943,0.0307905599182333,-0.403362824248585,-0.172377404456339,-0.168363320755075,0.327574070818536,0.0948688283205725,-0.222829078121159,0.141558663349202,0.200822724489308,-0.310362045225959,0.048106574822438,0.0593569816638506,-0.15825023416482,0.133439923124262,-0.233109229235323,0.183532159786679,-0.0805237580917572,-0.162445268267238,-0.495564447052839
0.197665099968931,0.0143014567922099,0.181577103820832,0.190674379495193,-0.252929915024346,0.134443576025562,-0.421455070068703,0.0755406714538515,-0.22485633742626,0.350620709858512,0.0522435758942723,-0.289959397392818,0.248790356502013,0.24441301512673,-0.241431084709146,0.153141202916128,-0.0529875932321213,0.0445810053473576,0.327576658384122,-0.108534648825325,0.282527767900395,0.102941032289858,0.178995202606491,-0.282602829024667
0.175061064141889,0.0135630280928,-0.206342467824147,0.18236849578341,-0.258529558964563,0.132926641554785,-0.437893047684524,0.0776395880374014,-0.232358415433275,0.359036864495533,0.0689005946651082,-0.283908980422138,0.227096444498832,0.234736583417509,-0.242695673034215,0.175827824666472,-0.0782098773251575,0.0376778695728331,0.30554696443788,-0.117305611900113,0.2823998612867,0.0618196891345204,0.15361292590192,-0.360051676846387
0.152731334696199,0.0155532825440803,-0.192104081833488,0.225766636467177,-0.087123802816131,0.0259007577611278,-0.428940297263085,0.264319219575911,-0.148079212429315,0.304401497219428,-0.0329350236199189,-0.14724133231982,0.110895572368053,-0.139298773737778,-0.311847480214988,-0.0229805838757057,-0.00984240916321176,0.292576227337466,0.128599169928708,-0.293354565136272,0.1093666104515,-0.119424801500953,-0.0552643869588886,-0.47711243372614
0.165600058838037,0.0033795906877105,-0.216970057363144,0.209947666360334,-0.0832700558460246,-0.00699331400578716,-0.410081008068906,0.252165398485478,-0.137724266056966,0.330027960970171,-0.0317838823929884,-0.132496013383152,0.145756218281497,-0.146378567056079,-0.337576503315658,-0.0524980134555689,-0.00344022714045452,0.329350029798818,0.124171165035975,-0.316351981082913,0.126296112057149,-0.119507650306724,-0.0871159568629721,-0.47997794812245
0.11995783552508,-0.00282836675263134,-0.206717296571113,0.239528877976425,0.113472869899738,0.0490665486343111,-0.433195086249933,0.236487594751529,-0.169923934754474,0.291685668497344,0.0395455146229998,-0.201050610529169,0.078312573438471,0.176055667345727,-0.288820416574644,0.02315930897959,0.0157952047593661,0.20516268753264,0.118815165664905,-0.242647168664764,0.125758251731171,-0.0995071032478294,-0.0926206892042761,-0.484765885077349
0.141631708778203,-0.0117892769233333,-0.213888528971778,0.229299713222547,0.104564383913472,0.0274813641995937,-0.417199749846198,0.247750511970745,-0.156767119209447,0.301473308556059,0.0147980248746376,-0.174468474229045,0.106027529600782,0.161996019565105,-0.30808434622349,-0.00718529296948278,0.00839639556780311,0.255067751236383,0.116153221712153,-0.2751558170566,0.121915144071566,-0.114139326895996,-0.0907553565763442,-0.48590536071226
0.0938921137717629,0.00398088557669937,-0.207966641922804,0.240617561710558,0.153539609905413,0.0829696262615483,-0.452547985562769,0.195474896464073,-0.204642791106796,0.299464859015362,0.092227126300259,-0.244409116723501,0.066358711880828,0.215952477934977,-0.256961321924001,0.0840483857886582,0.0441835495428276,-0.105973261410663,0.152009142781242,-0.180142238177105,0.159788171528996,-0.0528662595978208,0.122231036086047,-0.46233455743862
0.104806758634955,-0.0125122383967319,-0.220484223953977,0.237340331492136,0.137408815533022,0.0635686105397148,-0.435887971168327,0.210522452382515,-0.188310967439838,0.295122916353204,0.084026416681502,-0.225513545980782,0.0728232547369385,0.203322926225893,-0.273998091560054,0.0523283193258157,0.0342809700210062,-0.152736138580803,0.130733121340933,-0.210294805042619,0.144959139249176,-0.0816068999420863,-0.119269145145814,-0.479815533002079
