0.153012087313396,0.0139942173032799,-0.0423453533517449,-0.148178803657206,-0.00787499543081726,-0.116729078629122,-0.0293094815021588,0.0746155477702311,0.0957074426140219,0.161734573253915,-0.155971867677793,-0.162879574492311,0.0309225406542749,-0.0641836628188254,0.18899165934763,0.157318104006287,-0.076978952717607,-0.240881832309709,-0.409528886562958,-0.0441444342385131,0.104197175695837,-0.246856424184764,0.248230420314466,-0.475560263768912
0.148500907762624,0.0253840311347193,-0.00377690977504638,-0.140649657418509,-0.0500017305459387,-0.166728457912834,-0.0474563764203796,0.0592679421060518,0.0921379762302639,0.157092829027741,0.139342046206847,-0.153159533075004,0.0543531753574175,-0.0468467374175883,0.190682674834568,0.170624186285122,-0.122328902361482,-0.200055566107265,-0.368472445396636,-0.0788183794082555,0.145481976932652,0.244901640675138,0.276781658766038,-0.472083979394546
0.136598467731044,0.0363162179040088,-0.0289175564078847,-0.170470667071945,-0.0203782802419823,-0.123396844958991,-0.0411953405482025,0.0689754236752722,0.0923413366546981,0.146175388377895,0.195339350173639,-0.145487966625006,0.0458028615626195,-0.0684885275606502,0.181490366566281,0.179800577845398,-0.103527881564725,-0.249395030756785,-0.415253779224707,-0.0780842802131358,0.15748768805429,0.256212225412902,0.253175164886051,-0.483700162822914
0.120826936480782,0.0387619793725257,-0.0403799836447543,-0.20117912102573,-0.00837837454304343,-0.0949031516374851,-0.0411745389336532,0.0857679132144971,0.0908493702425359,0.124235776753895,0.245183372436588,-0.130366416636165,0.0427953228899368,-0.0777937658906493,0.179360616039824,0.179745691121493,-0.07511009438784,-0.274777970509578,-0.439771309915837,-0.0973549378231608,0.18651172931967,-0.271060043530935,0.226131897487911,-0.489727485606359
0.158855674137067,-0.0319567958856193,0.0142093301555837,-0.106899469950326,-0.0982197707762928,-0.230979730577754,-0.0745852312197851,0.0854706927133379,0.0823311611142482,0.156398149994092,-0.0292573235840411,-0.142019135580782,0.0540023287507847,0.0062058844285283,0.20832229458137,0.108965941806707,-0.0702805319198524,-0.104683979957691,0.271582270834587,0.0871622102886147,0.11967039436081,0.229664772413696,-0.286522844211501,0.42614824021946
0.158082203787375,-0.0127693474908596,-0.0275315199077631,-0.124153928663146,-0.0558295528600632,-0.195206075199416,-0.0672345757530926,0.0883852709691813,0.0761111828487801,0.172854739499168,-0.069920080331056,-0.153018865274482,0.0483865511994648,-0.0268699457898317,0.195377216699762,0.119687522298802,-0.0693872604853328,-0.161508224817845,-0.320141231437026,0.0508594911992899,0.106341709221927,0.231223448344753,-0.281048807687574,-0.443504895343265
0.150141788480249,0.0115872717017986,-0.0358733835479036,-0.144903364384863,-0.0294495490158682,-0.152389420143945,-0.048466952194265,0.0784276955090227,0.0858971951182092,0.167054464507109,-0.130282858383996,-0.157402823784073,0.0439613262802569,-0.0544233325833974,0.189267785210361,0.148457974786768,-0.0847948285197066,-0.213218644806035,-0.374509211195213,0.0523039474196168,0.120919734147017,0.243264313255951,0.265297344483174,-0.467896946428904
0.169911108040445,0.0871607602539691,0.0599300571977455,-0.116546741487255,-0.06161945366879,-0.136639490892478,0.00492441317400163,-0.019827990933122,0.104677609362181,0.136363566066333,0.222558233515381,-0.145872945134431,0.0556703150994295,-0.047827523805072,0.176919188922257,0.272329809252342,-0.245807447871597,-0.220948067293556,0.427575045217377,-0.0958974973031427,0.137766954737765,0.217364732954194,0.292404525104841,-0.474717690011012
0.138987092162804,0.0953664128677569,0.0235166782148836,-0.166992875309269,-0.046728970384624,-0.106611476127158,0.0175358951449448,0.00454273023636299,0.0808300313329075,0.121339652785527,0.277925764103391,-0.133239774122299,0.0577204431738563,-0.0731455974896132,0.161598359036466,0.269681567435736,-0.207831366144179,-0.269001244403661,0.446295026896179,-0.0973831223806209,0.178100791956245,0.224082179779997,0.271357744071616,-0.485913235683968
0.116106678663231,0.0985303433077559,0.00469531786871811,-0.198834945832894,-0.0492660863678994,-0.0925616486001691,0.0256882223634046,0.0223878424141245,0.0571873283636901,0.107081952502426,0.314222417959307,-0.124845736108038,0.0615640713255131,-0.0860554969417197,0.154815035872983,0.262892035527944,-0.17638833747086,-0.289742640951728,0.444605296571022,-0.10188446641186,0.211126199921644,0.227743960097261,0.253778364519885,-0.492319877993699
0.181631477939396,0.0210612513616197,0.0807985068212634,-0.0824928050971448,-0.103609304923307,-0.196857450917734,0.00986123285089677,0.000998571524370814,0.122783153740244,0.144321531986775,0.100036783505178,-0.159298579593755,0.0575663207241832,-0.0113750925968583,0.220542668483049,0.20152495571062,-0.191855653109637,-0.131024713870453,0.346342607717648,-0.114986213071814,0.115185096538778,0.225130541983419,-0.294016078086272,0.458312980205137
0.163622635044383,0.0472215960203098,0.0470387570375957,-0.114628698830971,-0.0716024268831015,-0.170536518940255,0.0251032144196696,0.015248891987049,0.107118700104685,0.146753458463377,0.154468563224249,-0.15404847729412,0.0585466408852549,-0.0351819578642298,0.195046819474848,0.215367801519538,-0.189161994332104,-0.184737906428659,0.378602839038855,-0.0989510833317236,0.141041089124994,0.234336294793149,0.290653551933632,-0.472712174776701
0.141752858265157,0.0630814203531901,0.0112056012013687,-0.156935129449843,-0.044843305191966,-0.134661442132865,0.0330976837365145,0.0325635253815136,0.0918264356335635,0.138026452958406,0.21475047965391,-0.142765353649902,0.0561270335615157,-0.0609659676653552,0.176481048575608,0.222486541117042,-0.167679127427969,-0.239161601557811,0.414315397322547,-0.0938582624502901,0.169504469218308,0.242761994551044,0.273971002784873,-0.484870562036722
0.109972529125674,0.0718664143210963,-0.0206933897499226,-0.208412063820391,-0.0331038434410182,-0.100864884559384,0.0425489237463708,0.0585440313574132,0.0688778003876225,0.110584526050308,0.284271444053908,-0.121441453617609,0.0580628784573041,-0.0836767886910373,0.164149537598649,0.220840229153704,-0.119947181494406,-0.285370104244935,-0.437529251451372,-0.106664247433965,0.213316396822346,-0.251062961780256,0.239241988782336,-0.491120103056074
0.0915867298052026,0.0503481890668569,-0.0462952323678034,-0.236390864779232,-0.023755027444682,-0.093657152717894,0.0594141674294,0.105430056620319,0.0631136483417465,0.091607554312211,0.298127301150238,-0.103568339504014,0.0548126645224966,-0.0819703028077223,0.169505154005409,0.180761630587727,-0.0449048377169264,-0.285549105959117,-0.431219548697636,0.124419025546298,0.241456993028166,-0.275430496412547,0.203890849022027,-0.487362895634812
0.17274206794093,-0.066030298936498,0.0885297237573196,-0.0893948957885702,-0.158415312260325,-0.22834828178269,-0.0155819801306075,0.0444330998430165,-0.12192192184452,0.119164898608727,0.00325891853343372,-0.145160940345068,0.0509598217327576,0.0261342895279765,0.260475851351654,0.120695143599086,-0.0938800757688761,-0.0509304088687578,0.26717295038996,0.160617618864347,0.116560904065789,0.218759152012024,-0.272844209502885,0.424996296251916
0.170597388031751,-0.0347886363791106,0.0677498104197564,-0.0906956790500721,-0.128934648372107,-0.227063301060175,-0.0344250682884703,0.0459530251530508,0.112180206128937,0.13668650415951,0.0294167041407582,-0.148593227309052,0.0550949992647796,0.0130965905903616,0.235749322845784,0.135758167996786,-0.110935117215753,-0.0832140490167842,0.283660934213461,0.129498964205939,0.11898637004669,0.225763575562839,-0.283681616671049,0.434379305204816
0.159465314068737,0.00176982258972963,0.0290884812801756,-0.112076238579443,-0.0863502013902954,-0.20368937674296,0.0472841590421256,0.0531679945773863,0.0978366309688528,0.154985096557736,0.0824971292842879,-0.155373279233303,0.0585797801902918,-0.0186604507449689,0.209083345603427,0.15420828284494,-0.123400830266251,-0.141917037598192,0.319951128493284,-0.0945027410041741,0.133397960909965,0.236397822277984,-0.286283169729684,0.455578760265808
0.230911769103815,0.0843311135666916,0.120343753093014,-0.037922412813598,-0.0846407308768416,-0.156676392658196,-0.0477760899594843,-0.0887054219203306,0.144292671403203,0.145444734384978,0.169267585568459,-0.152870514142469,0.043096010267974,-0.0199393453696958,0.197945786900787,0.298588559147469,-0.32097304019955,-0.157342062448619,0.430932844463531,-0.0933472490230307,0.0489284274976393,0.178323797548024,-0.309216425338931,-0.440761630290046
0.211512156864115,0.103474147023176,0.0989398704231859,-0.0677674713082461,-0.0688382810073988,-0.135993133675856,-0.0322895896947621,-0.0743259098749954,0.124091229658999,0.140507792478027,0.217729752625984,-0.147992208690417,0.0482667707549942,-0.0364950112105429,0.179412550143356,0.312299731579438,-0.31493632524809,-0.198016124337396,0.447819207221463,-0.0872089635774842,0.0791532199679569,0.182475212014635,-0.303937834927923,-0.451103488068755
0.17824718816957,0.113613832272653,0.0650708810045452,-0.118877933740049,-0.0568718673707375,-0.109590379980144,-0.0148926075483675,-0.0480273892884461,0.0967079246891747,0.12707838310214,0.273226217034912,-0.140121285298042,0.0544846817699555,-0.0611546058004577,0.164221468634522,0.313152463574653,-0.279947889068057,-0.247785388474633,0.46213541580248,-0.0883599203620894,0.125636757634492,0.190559730575587,-0.287594244458793,-0.467261001916706
0.137584309873286,0.11236241254352,0.0309897330692849,-0.173571170598055,-0.0587353462807167,-0.09282949526269,0.00615389082434666,-0.0111316968393345,0.0628186716796647,-0.107184573015189,0.320031784062266,-0.129774122896869,0.0626453253371931,-0.0808986926951999,0.156198294989786,0.294406674433475,-0.220168103869675,-0.282415923514581,0.456173791440446,-0.098160654179564,0.183749688324344,0.205110606296522,0.263448674146877,-0.483175281648049
0.217499393597812,-0.00465782694837831,0.120971285081444,-0.0548494000984985,-0.134514375648824,-0.190827869922128,-0.0543857579315832,-0.0502464314330543,-0.157736444285544,0.133547634425466,0.0670189854892894,-0.163506116985801,0.0406248680679738,-0.00268167163966081,0.255985945172931,0.210329833531412,-0.221446193783495,-0.0925855575864459,0.364375933517805,-0.138024909590128,0.0607973745984048,0.19643990531769,-0.293026602805418,0.447820745110265
0.219581184615094,0.0405566523302132,0.118538051230037,-0.0466311910812071,-0.108445170745077,-0.180956059984535,-0.0410990592757473,-0.0618119128662095,-0.149293421873803,0.142403744181982,0.114374105467018,-0.160074948010559,0.0452679653299485,-0.00984147142562951,0.226088355703726,0.249365833225897,-0.265385079615035,-0.124448229198656,0.389961915278847,-0.114655597653736,0.0629274257585955,0.196055610377056,-0.302771760803286,-0.448652653843792
0.195630525838788,0.0692891741967979,0.0940784757988217,-0.0735519885009401,-0.0843036738676386,-0.164773370301325,-0.0117660473273871,-0.0404159455512615,0.126457429991833,0.142721218617468,0.16633159950974,-0.154688777768417,0.0534805932024617,-0.0243963119669466,0.198842239745388,0.2645019076131,-0.2636388264609,-0.169324124575618,0.403516308556308,-0.102692368318989,0.100956513366272,0.209375324968529,-0.3018153522453,-0.461129397859392
0.0969077271227861,0.100543771769198,-0.004041086928944,-0.220858769461379,-0.05837846410548,-0.0891325131192207,0.0333842010011691,0.0359115138100176,0.0400503099050218,-0.0849140486723423,0.343016894220713,-0.113953954814329,0.0714479341780615,-0.0931142668063429,0.153296340059538,0.258494323036808,-0.139675585663917,-0.303439575153584,0.440129450824101,-0.115939372835152,0.236269348949548,0.22563516229071,0.230483021019366,-0.488990385836738
0.0568347933348077,0.0805680548649231,-0.0352886758250978,-0.258514914079917,-0.0591825211652363,-0.10049269483201,0.0761669849988868,0.102516481031319,0.0185015671258664,-0.0493433943605553,0.355332172246059,-0.0811119198239804,0.0775639792823205,-0.0846199861065079,0.149871738706881,0.205252682718769,-0.0324728967024172,-0.300602465503155,-0.407395001258151,-0.147284000782805,0.292833044423358,-0.2575527241428,0.183253292534011,-0.476522887566477
0.067166307666374,0.0511971487294531,-0.0438355050448853,-0.254255706381434,-0.0459511938474209,-0.105930963871242,0.0844066502676238,0.137077742593884,0.0341277821537793,0.0548215067187619,0.328857450386048,-0.0771700868492299,0.063007880793089,-0.0675062503156054,0.162726699667092,0.166176141166919,0.00679671072038491,-0.273333488318156,-0.401519466048166,0.151268472035672,0.28822638922352,-0.284449803829584,0.174781919067059,-0.475504582793293
0.193227656096521,-0.0481449410919084,0.103269271936268,-0.0818813973416121,-0.153047741153194,-0.205182492069326,0.0308223611211625,-0.00117351897630118,-0.143853964433881,0.121477520716099,0.0279593866967901,-0.158490364384402,0.0444129161335794,0.00714330209133284,0.269504043986425,0.157886759919143,-0.1451617652946,-0.0723356476503683,0.318998513696327,-0.159945752479553,0.0902020600485663,0.205849401854874,-0.277504535256213,0.442580426938552
0.194372211593575,-0.00517751627778751,0.103465261489143,-0.0676741892320446,-0.128869424764135,-0.204295435096129,-0.0138008155623631,-0.0126396376970813,-0.137908749637866,0.136390091077572,0.0653165453605133,-0.161895354270612,0.0524867300367584,0.000745019282219697,0.245563754210038,0.190098214160669,-0.187449716657113,-0.0965391539295493,0.33343407638624,-0.133864081259366,0.0946517554735775,0.215707925629895,-0.289574343572795,0.449692279113134
0.0165062364128223,0.0861148996661529,-0.0418804698100843,-0.280429304885697,-0.0753065002426087,-0.111709255012539,0.111661870273126,0.135102940735459,-0.0143063022129648,0.000610439253808044,0.384369251359098,-0.0434480515473936,0.0911001486772115,-0.0722409227360079,0.131660224991803,0.189573092065931,0.0344564657074141,0.300212071966133,-0.370055047867334,0.178955693409649,0.342017898302669,-0.26130114595736,0.140429178656117,-0.446591719224697
0.0299683788837229,-0.0687254638026889,-0.0330119453512282,-0.258981561534799,-0.0692809520849683,-0.136807885026916,0.140048559326799,0.171428003635075,-0.00331569492423245,0.0163328918548752,-0.359913269420901,-0.0186540567363798,0.0753340160750606,-0.0301729697749993,0.130990016936909,0.165031136195532,0.0713985991505735,-0.260266692780108,-0.355950561914258,0.197140359853967,0.341857632645338,-0.291744610411007,0.128093038011734,-0.425605470209961
0.175691824160416,-0.0910242649171306,0.101048736175176,-0.096236358777276,-0.184259273048605,-0.221900467790045,0.0045990499176962,0.0468631822440971,-0.127343684882226,0.101058018752269,-0.00532635166892632,-0.13423561317666,0.0439617157200915,0.0371249014196212,0.27797429792687,0.11266850221844,-0.0807252901378976,-0.0304864685818035,0.268615937358531,0.190454496831793,0.114272351503733,0.20561294912508,-0.266744724261737,0.415673535126372
0.262491450073427,0.0677020094094813,0.128803752117769,-0.0195158609071447,-0.0888332165011311,-0.162672118392804,-0.082982285688488,-0.119120170766565,0.168594197701707,0.151530254582765,0.132942221799748,-0.153880756411759,0.0281690142956487,-0.0176170005085717,0.208820097393454,0.292833327840143,-0.336785448915629,-0.130419828620955,0.44154876755609,-0.089442493280849,0.00161963452534238,0.152884642947268,-0.316719481710459,-0.42365503743547
0.258896050085173,0.101271279352419,0.118140691017093,-0.0282423257285099,-0.0668422731205412,-0.142636424508513,-0.072051857405643,-0.121087035810453,0.152054268982478,0.151944394727398,0.186781907442779,-0.150414794317262,0.0349473476188722,-0.0307464754171,0.184069779873359,0.324806094521973,-0.359002316941727,-0.167900591279961,0.4656717182223,-0.0733140409066784,0.0119376434391566,0.144577335032596,-0.314887626081673,-0.420663904489688
0.233748123422125,0.117745126372222,0.099597769221196,-0.0637814716802336,-0.0633953881731656,-0.121173027858307,-0.0521520131335825,-0.0996867782321815,0.119531188336754,0.140273225541556,0.248056701581747,-0.147179521058459,0.0453188964508024,-0.0458842180363509,0.171756800644158,0.336662084337774,-0.340929758423897,-0.208265631322546,0.475099643580691,-0.0737628546001794,0.0562381470406897,0.153555333447301,-0.304160797657738,-0.43672352827346
0.186719299622499,0.123437908386537,0.0688095984607874,-0.123093641218995,-0.0650286417013049,-0.100654618073318,-0.028255166011705,-0.0639190503028315,0.0855060550335796,-0.115768639304981,0.306880382891686,-0.140049993844988,0.0602798832077842,-0.0692421635928997,0.163715849420786,0.330633882141657,-0.282400527837609,-0.25862841165584,0.476033342967164,-0.0883043097384561,0.121000212161503,0.168666950835252,-0.277837084391577,-0.458802946192876
0.230081099466358,-0.0376623846875062,0.118050221398139,-0.0718574345272256,-0.149737512220111,-0.179213414900366,-0.0965999011899636,-0.0637335460736355,-0.173580612269204,0.12462869805351,0.0424775884246196,-0.161257082136519,0.0228016085295751,-0.00912818297380464,0.27536701656365,0.195066613927356,-0.210686431010368,-0.080125865841256,0.382157268368715,-0.154466047393034,0.0387960852546073,0.172766979297155,-0.293433655603867,0.446605868295013
0.251526877413579,0.0196033341132455,0.127561680817813,-0.037806616789931,-0.117371879004413,-0.174157421954472,-0.0937022019354028,-0.100971402171855,-0.176509663934346,0.141699825396539,0.084404427038284,-0.158822337197122,0.0231388664854755,-0.0128135773957782,0.24092951218985,0.24837164698632,-0.284733019153973,-0.103048212606266,0.414946567555,-0.117078366409918,0.0119424993521778,0.16335603401626,-0.309582287824444,-0.436478171061707
0.124174087245205,0.117769636497138,0.0323556448538465,-0.190506315760179,-0.0736741309313496,-0.0914853338229856,0.00772376923209562,-0.0110701464380178,0.0489361425728957,-0.0785778115678754,0.354111434233116,-0.121657905874304,0.0780554735348325,-0.0865777073573627,0.157231508749742,0.301268588180921,-0.187694157284863,-0.298453381449538,0.456035385534822,-0.117039951001668,0.20169323207649,0.193053845177959,0.238560048690411,-0.473682649061303
0.0633252631834755,0.106056966007663,-0.00508057782177411,-0.246274487923672,-0.0802082938120627,-0.0922355930749291,0.0499993606775056,0.05077593271839,0.0142024604964548,-0.0402822869166946,0.3816280835103,-0.0933380359126294,0.0917557310556315,-0.0935472651650734,0.148190795573412,0.256126179604992,-0.0832513020621055,-0.317289203101819,0.420163972187444,-0.146276959344865,0.275947801911154,0.219055715555684,0.192871566315174,-0.47224221083109
0.194155120889114,-0.111341922600136,0.106569166694785,-0.134459198634723,-0.209816620870091,0.155864800729413,0.131004778553622,-0.00807190207099699,-0.157284239454816,0.0727058151644302,0.019009941168932,-0.145164939057732,0.0216141209431966,-0.00629255831617572,0.314590620360964,0.133865027313766,-0.113024326761102,-0.0582908355894525,0.363381080518642,0.235097225156306,0.0773589227542841,-0.141825964803272,-0.255521413945145,-0.439017983393049
0.20026503356961,-0.0900654264078251,0.107997446067833,-0.10909752668018,-0.185439420374541,-0.178354383491676,0.0912715812856247,-0.0114803359109851,-0.15794178010491,0.0959197671244084,0.0150020311544108,-0.15233886959563,0.0267749657837672,0.00102850292251739,0.300487718297854,0.144315195676106,-0.128481054073472,-0.0594964607568098,0.345246412751549,0.201217760242391,0.0754953214215963,0.172407341507116,-0.266843847119959,0.441612389003887
0.0140889306138444,0.100916714648274,-0.0245980287077786,-0.275977790970113,-0.0869361971751024,-0.106760028437548,0.100469271259969,0.105440503724681,-0.0153246941160481,0.00917777707901907,0.398463053442146,-0.05021171112083,0.102603573413208,-0.0764246763860608,0.129898233643322,0.220947374600619,0.00867075063218795,0.315701403786355,0.375876838202661,-0.182500578699581,0.335409542721876,-0.240408851639972,0.145624966401245,-0.442867565009729
-0.00480668967039018,-0.0942537115356031,-0.033720995551748,-0.278252440719102,-0.0831576708564836,-0.128774203054936,0.146226037560066,0.152807711456835,-0.0282853103993682,0.0426680996095242,-0.39412802677181,-0.00869721257677895,0.098768323051977,-0.0448686133131818,0.112621492065368,0.190433003346235,0.0706429140493796,0.293144102592716,0.343167230693803,0.208368913237859,0.366064925466133,-0.266085474195916,0.11372931160786,-0.409517636346669
0.178318388644548,-0.11248363863573,0.118184776892664,-0.117078020807556,-0.225615127292898,0.192682780300263,0.0675747828301597,0.0382599461335698,-0.135646794921604,-0.0668392301349828,0.0113765762957205,-0.12131715213936,0.0363209074623804,0.0353598156179483,0.301466255118131,0.115707577742167,-0.081475645658378,-0.0218859935478665,0.306144699612456,0.244179261139825,-0.110359359948272,0.162933408219874,-0.257199907015713,-0.411510797309698
0.180366385411311,-0.108486063346857,0.108625788485786,-0.108817583638327,-0.201300235596191,0.200019790251505,0.044835405554159,0.0352290487408861,-0.138213994167024,-0.0870074836125011,-0.00106256935171509,-0.136817263192574,0.0379101607060635,0.028304446536423,0.300200785158809,0.114410864704669,-0.0812884895916993,-0.0304575825135674,0.292694010813555,0.216071386135492,0.107421005354074,0.189281413419602,-0.257463090266613,0.421301749572864
-0.0265205926336096,-0.11386769147864,-0.00758235078374863,-0.266158848749369,-0.0946328268924415,0.142713699314946,0.17409009103116,0.142480738890878,0.0340346850108556,0.091614517697161,-0.406043476322269,0.0213606274778517,0.114735358058569,-0.0131865240272946,0.0897471280790677,0.220442713355429,0.0785029935116759,0.297580466813503,0.321449695214824,0.24311585745015,0.378247361098983,-0.255803084799364,0.0967971604121534,-0.362971120600877
0.0208066815529768,-0.104566322787183,-0.016803944875914,-0.243655663896912,-0.0796279332020265,0.17597847437808,0.224669323851202,0.198466182910082,0.0392256902313042,0.112723718482663,-0.379318095042371,0.0693167897012063,0.0950563352380271,0.0305307169427279,0.0701608135469689,0.184808982320728,0.128466181592481,-0.252473014226702,-0.294172646619022,0.258249954436237,0.386717865889937,-0.289047027284033,0.0686851151442464,-0.321618310119689
-0.0632544980834904,-0.142725185211128,0.0168702297945325,-0.209673482223084,-0.0788730571578672,0.201266608408186,0.286256668727208,0.190861495622335,0.0473920117859799,0.19781145929452,-0.378934528670611,0.138261664463333,0.116308943840658,0.0967196697485275,-0.0107335369943248,0.23116465723927,-0.136377839450473,-0.250990588338397,0.243829496190787,0.313578803575512,0.397138445357086,-0.268561131102954,0.0355025477932883,-0.210074754906005
0.318542903773754,0.0248244490224503,0.0995922897870052,-0.0338676236132229,-0.0660730317692181,-0.173000202912755,-0.153427272125944,-0.167361653824854,-0.218583400259887,0.17038734381452,0.0491269558285011,-0.148317927251635,0.0162762913490411,-0.0375801604180204,0.199310009069269,0.25818385061656,-0.353454284931794,-0.0908184571928246,0.47095410920685,-0.0631959754936258,-0.0748778650214883,-0.0808543053832095,-0.352588471578027,-0.384745346927672
0.309394737957114,0.0710137124073279,0.112292992165544,-0.0139832315521285,-0.0556098106508183,-0.163161325683283,-0.117216559172747,-0.158431959827987,0.194367076036815,0.170698860690937,0.116380464326487,-0.153580254593038,0.0113274569561657,-0.033919986271412,0.188163692214854,0.299819037152182,-0.374642475601589,-0.125247027773331,0.477685808569594,-0.0575280613085915,-0.0523616210582045,0.101570807762331,-0.33759867403088,-0.38826542601385
0.294541714183248,0.103067678392976,0.110862175326449,-0.0245371054453359,-0.0514807451409375,-0.142422485762264,-0.0917227532251787,-0.145349849745502,0.161282850589939,0.161489756055169,0.191748053317094,-0.155724382573675,0.0318926950613783,-0.0413858187789065,0.177251404055013,0.331369895335953,-0.377222023334629,-0.166274319064705,0.490639113194348,-0.0561642694052025,-0.0180094836034535,0.11127116709689,-0.323777460094554,-0.397430625454247
0.253469394884118,0.120703267809143,0.0977465674877017,-0.0668914145673419,-0.0583737795141648,-0.119806634499442,-0.0680156104627122,-0.119135909709322,0.125637263258831,-0.13601727898063,0.263674762885367,-0.154015522218728,0.0528898037118496,-0.0577262142772879,0.172783182580042,0.345831856980927,-0.337591931162581,-0.21916297662161,0.49535806719991,-0.0720669122697608,0.0401091087659347,0.127302249206117,-0.296215099389876,-0.420841993236548
0.188869903766696,0.123498946157892,0.0765747089867464,-0.131801935967401,-0.0766476123410248,-0.109173243839761,-0.0307984811606227,-0.0740399085970551,0.0870274548539458,-0.0910540396321343,0.328078969826299,-0.139306138721082,0.0770913158906288,-0.0698504060881397,0.169816055956274,0.33538973967029,-0.252012416195387,-0.267841174781401,0.480164760707349,-0.109810230788935,0.127254927642576,0.155807953863966,-0.258432454284016,-0.443956409795053
0.221546736705212,-0.0994849497011928,0.0597241611353123,-0.191802058229825,-0.155535110199624,0.100319634447222,-0.257746217312949,-0.109591817685846,-0.203694955464107,-0.0764831618977277,-0.00549213793786794,-0.144535951757481,0.0370024939170018,-0.0861512008458103,0.268049130196265,0.16198863259463,-0.195712609863715,-0.113256838967116,0.465330272862436,-0.19271183605087,-0.00734351371527936,-0.0325518914376189,-0.287677206634211,-0.44192697721751
0.249623864509241,-0.0781095525844819,0.0832288023967834,-0.13723063987229,-0.146059616603693,0.132739655938209,-0.214104634944874,-0.119194145721511,-0.208633965634668,0.105805802541107,0.00262418542738635,-0.146961748403867,0.0328427139661078,-0.0568243278085916,0.267347018793174,0.180770619634528,-0.228586785184118,-0.0888205623527931,0.452801929347492,-0.160396499147317,-0.0188037157188859,-0.0775018788847045,-0.312601064041962,-0.440373495652803
0.277748700182165,-0.0204570098251745,0.105104509032882,-0.0703323469253092,-0.115265612992222,-0.164049510554167,-0.160017020575121,-0.132872692354857,-0.207144718320678,0.140529930820455,0.034039963542816,-0.152097023047647,0.0141948253363183,-0.0338707937456907,0.242884899968103,0.223978361768407,-0.286196500777165,-0.0866609362989637,0.446567292265439,-0.115172110755754,-0.0322547981307091,-0.109599959046093,-0.32957862118608,-0.425256388573474
0.288197472646063,0.0408190962236685,0.123003470581033,-0.0217457978643923,-0.0900544809136894,-0.165167289033249,-0.123327458565284,-0.144470320544617,-0.193535793319314,0.155664789115321,0.0899562374162629,-0.151951430471924,0.0061438429783638,-0.0230381556683843,0.216355429348118,0.27481759565343,-0.339672892726551,-0.107188577068451,0.454602398554059,-0.0860746533751444,-0.0389055031990169,-0.123300935815434,-0.327802849736603,-0.41023845710243
0.0855580069885312,0.118557163475193,0.0463290476017309,-0.212355067713445,-0.100694596177523,-0.112125259794634,0.040877062184597,0.00321623461774596,0.0349593946834577,-0.0104168740138443,0.386318203492602,-0.0918869975370747,0.106706444966431,-0.0635584759185897,0.15145769945927,0.296632083630813,-0.107149910644573,-0.306721422289221,0.424118523905471,-0.174942966692808,0.251072980481662,0.197713437810109,0.194737169364239,-0.439697629123585
0.0349269184649862,0.110112727255757,-0.000551452619537311,-0.259097118880824,-0.096562759162342,-0.098914913066984,0.068721432082707,0.0612883682367084,-0.00265106741333121,-0.00207954309642085,0.401668031351823,-0.0739926531229747,0.10734187012117,-0.0849355069674936,0.140413381858147,0.254741273972683,-0.0408269549270104,0.322830043354018,0.39648307754706,-0.173007897504004,0.304929584811559,-0.215584354872397,0.165113918107612,-0.451055130797546
0.212656091107923,-0.100398847758018,0.0930923260583362,-0.148865375340266,-0.187045332318335,0.13231723504851,0.186040789829882,-0.0585189539515776,-0.179702081605691,0.079318128628174,0.0172069593738857,-0.151988128526063,0.00111675512029399,-0.0394160011314599,0.302021345029445,0.154619396958845,-0.157253609779091,-0.0855123086526601,0.41496715129791,0.214502014507183,0.0370235019800916,-0.105942829323658,-0.270039043492133,-0.449309780843935
0.235989926051983,-0.0705680225519799,0.10671252921601,-0.10460765991487,-0.162655485120795,-0.155320301247611,-0.152040791283978,-0.0793659489296308,-0.187900874538184,0.109707894896726,0.0233898296330937,-0.157009349747968,0.000647062491601845,-0.0261738696300922,0.289298738807753,0.179689887306878,-0.200206689176728,-0.0789306237920991,0.410698568521918,-0.173548812848669,0.0192959640524428,-0.13710036630411,-0.29293423196527,-0.448464618264165
0.00526139477455702,-0.124027857321165,0.0672756171911385,-0.228374099038798,-0.120035751013922,-0.142909599318913,0.126271925639198,0.0442368448132796,-0.012974988979294,0.103640374860278,-0.405505570726343,-0.0144169375801054,0.133129700138183,0.00677863696326518,0.108889392385458,0.284254612111124,0.00468477064532897,0.301651030120395,0.344933752226944,-0.264533918886102,0.329567462706113,-0.222835438550266,0.133711473310783,-0.355850948201311
0.00479095476527994,-0.11544601337493,0.0135512724478547,-0.259621196423757,-0.106078358292487,-0.119833003120061,0.111791047330634,0.0803587709207885,-0.0115729037347332,0.0527075374314399,-0.410512415550097,-0.0342200865709761,0.119650910863196,-0.0467932006885864,0.120284059798816,0.254521497105677,0.00794312334900233,0.316515475496674,0.362538044411328,-0.21690378791156,0.33751689625813,-0.226631577244587,0.136084424461414,-0.407001640327189
0.180512816013992,-0.106481459429032,0.109904465541082,-0.147589373089321,-0.238768464835982,0.149621864268299,0.156148570596583,0.00424571043068096,-0.142668340699041,-0.0463656624834691,0.0374877075486002,-0.127690449471915,0.0308864764548328,-0.00423420357449232,0.306485555394789,0.129532929451707,-0.107837685300721,-0.0541052629457403,0.371908573310868,0.268717445337223,-0.0883683691037223,-0.0969258765996162,-0.250159793587146,-0.421477384085617
-0.0521381226472598,-0.133884916863296,0.0787445565554385,-0.22298060961474,-0.116132740116574,0.164479834325307,0.199129922629138,0.0786747216516324,0.00200705469407129,0.185635267494845,-0.400636392089875,0.057399860883594,0.142113656446333,0.071037204441399,-0.0580834305689884,0.27724501026959,0.0694044428297558,0.287067243270068,0.278657497886938,0.320967583847908,0.371889240992849,-0.23614466570617,0.0908001500878144,-0.268131704085455
-0.0439602417935773,-0.128584636357676,0.0369333113851854,-0.244253656276688,-0.107727778516839,0.155322003085626,0.19279203095456,0.113021629560299,0.0226911930591118,0.14517168923934,-0.407969268294214,0.0446619047628672,0.131859524005664,0.0306229750221553,0.0706280620010464,0.256169947054094,0.0757651172781284,0.296159218509521,0.298132168383817,0.285646045347494,0.378624690434141,-0.24297971546779,0.0892456888742597,-0.309990915187465
-0.0803026064831861,-0.148367659288276,0.0980187107401844,-0.2007263375339,-0.104541460374684,0.181683599888554,0.24262186794735,0.0815913305464887,-0.00173703143607198,0.243698200422378,-0.386351421091697,0.109026927499019,0.144281551971489,0.128564129963065,-0.0127805931827043,0.283565086245807,0.0854972188574983,-0.269902597941659,0.237345186790067,0.361008964281988,0.381089480381857,-0.238267432435527,0.0728009987537526,-0.19053638503708
-0.0849133966018741,-0.151048680208678,0.0625829908674787,-0.208307726210381,-0.0936556141852704,0.186589988348906,0.267114204130225,0.130678271717715,0.0245840460106317,0.231610086674396,-0.387913194137611,0.126491229563279,0.13715362989711,0.114864959612376,-0.00593054201877481,0.269289833000014,0.108672828873074,-0.269999400692692,0.235060475293405,0.343774555310726,0.393890651975696,-0.245370476551937,0.0525167889806427,-0.191589533261488
-0.113446516207828,-0.173720562942211,0.0887420954262699,-0.176965564441718,-0.0801286068441365,0.199658363042754,0.299547713824562,0.121066044205518,0.0177564849867773,0.287358563606596,-0.373696436967183,0.170855099532398,0.144669375024645,0.171976035911581,0.0432563302240548,0.281674632483963,-0.101252623718933,-0.251186040471925,0.193840018165883,0.381998772624871,0.396558683167327,-0.236456777716107,0.0442078615812431,-0.109895368981346
0.326901907649051,-0.0302885619057257,0.0524257769265869,-0.0924270807353798,-0.0481258837362069,-0.185759859390162,-0.195600853773074,-0.1723200374882,-0.247254601451029,0.174935223008876,-0.0411225149524354,-0.13678831716448,0.0565951997870863,-0.0636376383899602,0.177308981055504,0.198942957695649,-0.328536274975977,-0.0565187925427086,0.46114248890679,-0.0482332149269631,-0.0910893690915498,-0.0215163628353231,-0.386104322269351,-0.361511274069735
0.358685403592273,0.0200782413883662,0.0689295886081393,-0.0387044386119878,-0.0164857530878169,-0.19910923510394,-0.157603297897559,-0.178935071598707,-0.246829835953041,0.200140683217247,0.00912065536960887,-0.156177030594088,-0.0211610843490141,-0.0547909531061956,0.168521026862237,0.238257682558575,-0.369154665657453,-0.0730810966972931,0.476936356308117,-0.0267336189959248,-0.0985260216305627,-0.0387628671978914,-0.381564942269626,-0.341658336904968
0.357440527473816,0.0616229699397815,0.094101593886947,-0.0157560577593794,-0.0221792639150831,-0.186180237582302,-0.127817020298028,-0.175774029174909,0.220380137240067,0.192230118895864,0.094712274727022,-0.169135888737151,0.014069638311856,-0.0483275834896399,0.175144112556254,0.283472099365125,-0.383279712683989,-0.109193362012214,0.493849405432352,-0.035788970590557,-0.0743159851476229,0.0644563377152174,-0.360957101637999,-0.352342174592686
0.321042735662916,0.0996392849869593,0.106928955700072,-0.0286274043493729,-0.0388241039723734,-0.154016091935688,-0.103170141724242,-0.162761058109766,0.177896008757797,-0.162837225223869,0.193550945984694,-0.171307327407572,0.0438652063204334,-0.0525825499656361,0.178362274276691,0.327238766976355,-0.366265570426078,-0.169610624975175,0.504789744818256,-0.0553638122309641,-0.0288909900557421,0.0886276629924668,-0.321204027563155,-0.378099701485931
0.273199079896269,0.113552821319896,0.10716384582978,-0.067370495297486,-0.0611081268367342,-0.137897381052403,-0.0761360814244466,-0.137904053885761,0.143647817576141,-0.123720945278374,0.264691844275182,-0.164352018149539,0.0679154588312689,-0.0566203214047607,0.18169487786216,0.340855011080186,-0.314015130811313,-0.216645138814151,0.500634467249897,-0.0886849894486041,0.0346334308432948,0.114671503442072,-0.287083389469468,-0.402546949757584
0.281909161215854,-0.0593156980439254,0.0621098200547768,-0.130451589912327,-0.099472377814059,-0.150376853073086,-0.224067424184432,-0.157081234446232,-0.230231786418937,0.132832987544041,-0.0280287271999504,-0.13414994396741,0.0598531598565253,-0.0679306482320641,0.215405384276355,0.188632535502409,-0.281434133501455,-0.0754475667306134,0.46298579356738,-0.102670727797936,-0.0619060571843602,-0.0354100152107411,-0.354758468839761,-0.405704099386215
0.197167686948886,0.115390554466543,0.106444877420467,-0.126347892395666,-0.0933667377616955,-0.141949486852293,-0.0241603344562749,-0.0955067636231816,0.109707298810099,-0.0515737269140061,0.328162658300422,-0.13546757845425,0.0980403067358098,-0.0426900398646821,0.177101079795458,0.330235061221448,-0.210362551994842,-0.254975482168401,0.467232552981728,-0.155023276273125,0.13510065453022,0.156589883149561,-0.242573522092596,-0.411943620206458
0.092343775719143,-0.119425074184463,0.113412640455232,-0.175374831513008,-0.121880016078953,-0.156862989455464,0.0615041033742653,-0.0405296851804346,0.0719278412667677,0.0606322114412449,-0.375476957119793,-0.0662292138681282,0.127015655859544,0.00938427617711754,0.14274925684706,0.310761625986949,-0.0813451296356744,-0.274850889609449,0.393120723191423,-0.246626302852606,0.247753759964974,0.202292952592449,-0.181663990251189,-0.369030335227187
-0.0167944785166465,-0.135540032512198,0.121642627085255,-0.190965673265207,-0.121679848393878,0.178744749446586,0.171002574428805,0.0175954031826909,-0.0385947800207238,0.190039069336601,-0.387157548760585,0.0408572335017886,0.143407016224464,0.0969974847307132,-0.0652833927436427,0.293465425989784,0.0277722199140443,-0.268884198924636,0.292498339630932,0.337441357828922,0.33706127698319,-0.232724486591213,0.118422108495155,-0.257522782981811
-0.0969332078165682,-0.170312681177403,0.123671777387375,-0.167314114297861,-0.0915407966071281,0.198840517236597,0.262997762773299,0.0618447811945877,-0.0144525245810105,0.292158694710178,-0.371965893595631,0.147084555033965,0.147913627076585,0.184274967877017,0.0328860220020354,0.285682939888477,-0.0697169165407706,-0.244609226292773,0.205812588548045,0.398256323511928,0.379270690994465,-0.235416337928269,0.0752297904135902,-0.119584804643632
0.360982695511189,-0.10644218074442,-0.0482314373386777,-0.15538161012174,0.0517973589195107,0.249676045959196,-0.189553513002388,0.139442457145259,-0.29774324071033,-0.227628244172767,-0.222726106264641,-0.133259066102606,0.0903833867620421,0.111157117013222,0.0938561035084109,0.0724868163792936,-0.28400883016161,0.0362239273312315,0.377891528956213,0.0311684052295729,-0.100375877405624,0.090370016990306,-0.437364556722254,-0.24266914098348
0.407375197076219,-0.0928569393465539,-0.0340478016803728,-0.0981741279671631,0.07275976696013,0.278674101601921,-0.165471572370313,-0.139258614026663,-0.317229967019206,-0.256973713166554,-0.211944144519235,-0.162180207401245,0.0573817710834417,0.0970445775016744,0.113014825494767,0.0741093162994157,-0.305132981491217,0.0513084443710648,0.395100684240239,0.0356210849779453,-0.11250760857169,0.0647665196729502,-0.447513059388016,-0.224536831068434
0.42659459454061,-0.0845452776040777,-0.0257497042047556,-0.0734968240302297,0.0883419900413249,0.296951152153866,-0.155174494917094,-0.141299323103252,-0.332234104612704,-0.268982760084252,-0.211693003551802,-0.184204616181421,0.0358852497313183,0.0956245668054396,0.116974107175476,0.0686813229556407,-0.307559880314693,0.0579958761339042,0.394448120117251,0.0370859519841775,-0.111096992953829,-0.0567268197891151,-0.44609801780834,-0.21222864847938
0.32872104922329,-0.0812871781130189,-0.0141354442339463,-0.154958559641817,-0.00149325786326708,0.207594919772847,-0.213676890099944,-0.163338687047497,-0.269229543616819,-0.188609589526153,-0.151873051789597,-0.11555951435729,0.0984218197275709,0.0956820864811321,0.117594991751426,0.124839447211099,-0.300512648428654,-0.00746940155518657,0.414877731547273,-0.00337018200554432,-0.100921928286489,0.0611381913924602,-0.421214231142886,-0.299322029553711
0.375352176626353,-0.0472184340689853,0.00608622999794763,-0.0932133925775574,0.024925765320889,0.234297678896911,-0.180415838953375,-0.167964013129945,-0.284856351269578,-0.222029451410368,-0.119579175764812,-0.147433655880906,0.059215566464595,0.0812159357542411,0.132334722892486,0.149215285220869,-0.332314195245547,-0.0115100135590015,0.436963725103068,0.00612078668565041,-0.111996098787941,0.027896676595429,-0.421983177543705,-0.288265174681287
0.415699646554376,-0.0258055698332875,0.0309447524351783,-0.0462952357675921,0.0402782120176461,0.262219856964714,-0.156155079790394,-0.172361329333905,-0.300931417133496,-0.240534842533123,-0.0894031563277789,-0.184812485904373,-0.0162264901087472,0.0746182651345549,0.147848219343032,0.160420352259097,-0.348491698024563,-0.00721844511433132,0.45054124355844,0.00327784960927782,-0.105921825522834,-0.00758015962727688,-0.423586147273716,-0.276144712987637
0.382441143252043,0.0555426880851854,0.104950741734938,-0.0201779985130211,-0.0142245757436783,-0.221235516290681,-0.126609320687921,-0.193067688671239,0.248309627011558,-0.183055573342169,0.0987070778986414,-0.198991945717794,0.0446169021708902,-0.0509175878422098,0.181198253010357,0.264525732990178,-0.348136338205722,-0.103656831875516,0.490514079551311,-0.0555209170267537,-0.0553633728607688,0.0610885013800967,-0.356091521448257,-0.33368068468565
0.330131575388821,0.0961187474291912,0.113950272115655,-0.0327177632807326,-0.0410463205432624,-0.166042664229887,-0.104278937819526,-0.172510339074323,0.187935370401386,-0.152136088069323,0.201624131722531,-0.181914250335863,0.0587460052412083,-0.0524313202302345,0.18502613686382,0.322342198882054,-0.343389967092116,-0.172365707120224,0.505714059605925,-0.0700567685354411,-0.0224481973051658,0.0861198669938096,-0.311637392097233,-0.369445533392331
0.373124505184287,0.0655006310350696,0.135303848536288,-0.0182534227585324,-0.0367055316263551,-0.227168922034311,-0.115764039840727,-0.207128946417188,0.245510569429902,-0.147939441930533,-0.144940078525561,-0.207353592084333,0.0728161152615223,-0.0345428877725882,0.194654757918052,0.271577555249632,-0.309604513176204,-0.119274893312419,0.482486668184488,-0.094145477992872,-0.0279353470006097,0.0848937705168182,-0.32513051964679,-0.334430732015929
0.313511719931685,0.090912546826711,0.13310296136448,-0.0504954767890835,-0.062078663130094,-0.188210209960842,-0.086123370091334,-0.174348259159918,0.193344130850311,-0.112164459898552,0.224733900583018,-0.180689855767571,0.0816852664380093,-0.0344911883220679,0.192651387433816,0.310878513599289,-0.287034532261373,-0.177172256389132,0.488669470946044,-0.117056403733823,0.0213301205897795,0.110784575156518,-0.29345627946694,-0.367369591121665
0.205742196084814,-0.102896645618932,0.15596173248198,-0.104742880748333,-0.111111048342602,-0.191602368525106,-0.00838383549863984,-0.131332964397147,0.148236503800139,0.00406553787246045,-0.309203487830478,-0.122710524279735,0.116098993106115,0.0157625179003555,0.175376281471907,0.310657224079849,-0.16364896235039,-0.216571447831995,0.430499006954367,-0.218319774229425,0.14477040561814,0.17432709489136,-0.231848170068219,-0.358824886170038
0.0893256305451199,-0.11693319361702,0.170837896532471,-0.137032746912581,-0.131409510696895,0.203979592989273,0.0895297443046641,-0.0815176440797379,0.109115998532649,0.133922614565561,-0.348860397878502,-0.0300998751969231,0.136921464377554,0.094338736082189,-0.116647245005725,0.294636224487882,-0.0475904392283762,-0.225586459615517,0.339574549170882,-0.316645853557781,0.251405854182932,0.222287561584811,-0.171681942198756,-0.285897790355441
-0.0755905727925898,-0.169130988518447,0.180668611675546,-0.101987862288297,-0.0929794628283614,0.234074502570648,0.240044765597491,0.0269441064744939,-0.0648447764557121,0.334517435065804,-0.32306193462231,0.163258638316853,0.138453651514774,0.26546624484806,0.0663663050439072,0.237400879225002,-0.0448094310507535,-0.164421885147672,0.159872301987935,0.438421469564649,0.340917709096317,-0.246450764552002,0.108204563779857,-0.0435330563338946
-0.0233645815384227,-0.148020892636805,0.172768828930949,-0.135039677622301,-0.112684638674529,0.221284282788918,0.196463291368487,0.0320659463575788,-0.0756411508917819,0.264849484839949,-0.347190880141925,0.0934823505743554,0.141157570902227,0.194260683794143,-0.008869649164804,0.273109330868594,-0.0297396923379962,-0.207851226740322,0.233115712553272,0.399430988578833,0.325381003296692,-0.244500041353391,0.120367431143193,-0.148192725125746
-0.110066286284936,-0.182427781853203,0.166507453107865,-0.10062638044481,-0.0771549952902382,0.2251823314109,0.265206774143814,0.00460050180438641,-0.0472543376696853,-0.360524218987,-0.318284659642001,0.20069127964986,0.133689898601479,0.281628650091459,0.104146283674683,0.233916431416037,-0.0527542882554151,-0.165046408665875,0.13507278496707,0.445576298282935,0.350472223695447,-0.238647771667289,0.0920415864212355,-0.00161863945547098
-0.135213574420488,-0.203524297394776,0.13036869554438,0.121028689281059,-0.064211351142392,0.211201509545493,0.284867936204975,-0.0489020858423593,-0.0184801969491382,-0.358912816322894,-0.334879850629829,0.224213195698255,0.135389817370642,0.252823623296687,0.120640850674774,0.265167363708709,-0.0513345762176373,-0.200862762161396,0.152468072555691,0.436958888434772,0.367103792538033,-0.215137548823521,0.0667347259607475,0.00118927164664889
0.38829775763178,-0.142624540613781,-0.0689973269642147,-0.144503576761519,0.0832366532093753,0.288013769045494,-0.171322710722971,0.108363111775814,-0.323387132355888,-0.25786354094956,-0.290811748860256,-0.154809912192353,0.0785651937415713,0.12258818004257,0.0910548479007068,0.0136465777885041,-0.261328568747613,0.0928707942967623,0.340226380750119,0.0496004878138143,-0.0929990387992023,0.108123330851631,-0.451142674321271,-0.195781666686198
0.415361372789878,-0.123878594403856,-0.051580909679128,-0.102558151783565,0.0985668892477606,0.309864484353801,-0.159209512402984,0.11719675645857,-0.341521646680431,-0.272925733052683,-0.278552007438824,-0.181518072675207,0.0510549774262263,0.11340579080806,0.10124187443544,0.0171562002535604,-0.274910494521025,0.0971112204753674,0.350137930226322,0.0491731758536022,-0.0966321619114411,-0.0869921263437391,-0.452340999570268,-0.187950217739869
0.434759428231474,-0.0924707746795832,-0.00913744818445105,-0.0638628324759397,0.0877521737144742,0.323198398417514,-0.160263346004606,0.144540522558589,-0.353825129867549,-0.269482787062459,-0.232227718462875,-0.210669439081917,-0.0211860115739918,0.102460530999297,0.120998162724289,0.0467972716099054,-0.297192426707218,0.085659516633273,0.372845149989373,0.0314921820439064,-0.0914535233455901,-0.0580400119898722,-0.449130859993088,-0.208086657364772
0.44170031113169,-0.0327094614915144,0.0666802184606773,-0.0227243174537856,0.044034441461711,0.323244287274239,-0.154650818821531,0.191973647798035,0.346333134286405,-0.233933460209775,-0.109410234024603,-0.234678746858555,0.024203478745517,0.0707686167849957,0.155950766669694,0.120179123290192,-0.318087651247312,0.0370635608052619,0.415725167878121,-0.0194497778328547,-0.0694812485112328,0.00353279457122574,-0.426877180902851,-0.256779948090476
0.39791103571957,-0.0341927004767054,0.154250946540093,-0.00780117706542418,-0.0320609349529039,0.301654334644438,-0.117460685093675,-0.227427759797085,0.301299049141201,-0.140035943236347,-0.072605670616489,-0.223323026467947,0.0794196584910637,0.0116719509454741,0.18782567929761,0.205653588052095,-0.280270758571129,-0.043522154668131,0.43618499985527,-0.116173576273628,-0.00692150306739713,0.0923330586792861,-0.358606561752722,-0.301245938038792
0.35841450404538,0.0686485797214357,0.150574138046354,-0.0240339897855815,-0.0526319775627024,-0.231440084631884,-0.104344348783263,-0.209004569618229,0.241105732906716,-0.122040108283273,-0.168892114266415,-0.203521548927441,0.0850969931011242,-0.0213776849041933,0.198692999980323,0.273242621636737,-0.282648743707579,-0.126661796363271,0.472732374910078,-0.120741797532713,-0.00390683561611445,0.102422744261749,-0.309958874729195,-0.335986374100324
0.296320267268647,-0.0620783433082981,0.224154277604014,-0.0210548783691938,-0.103255634937317,0.321060010558022,-0.0342940238283746,0.226379270523151,0.261786238302678,0.0109828353341089,-0.178884501965795,-0.152968085761069,0.120107156242341,-0.0914875618228007,-0.167737175777917,0.206607772371722,-0.156246603666038,-0.0589061347437028,0.357112343230659,-0.250008113895057,0.110294163841178,0.18713089401938,-0.288575054259747,-0.269417666210615
0.307761603823513,-0.0761412723167863,0.175672811147844,-0.0454725316148194,-0.0852109558781984,0.241976460795191,-0.0648292606451111,-0.198797518528534,0.224266521553525,-0.0551703598004595,-0.215673638308627,-0.17361843993249,0.104037228810076,0.0165015623070351,0.192232907280448,0.274197247401907,-0.220789546919183,-0.140016760077091,0.441602770187666,-0.18316563213007,0.0612657819376997,0.144830112416585,-0.283010055451482,-0.332443312146863
0.170130870211226,-0.0909933453972904,0.238029763113856,-0.0522956514914367,-0.134473521010647,0.296064577504655,0.0570296430318319,0.179019774783815,0.195583650668053,0.13911933276331,-0.257248621822558,-0.0537844385949957,0.1347034972134,0.165596287333847,-0.115242682213146,0.217956327021191,-0.0574457577236426,-0.0977812345942167,0.28589572480651,0.340054000624577,0.202945627636657,0.238320158499786,-0.214799956273136,-0.216557091789738
0.198076958839147,-0.0915065914093424,0.204752136067836,-0.0787785304289086,-0.126441399863486,0.246241510874154,0.0186687899194204,-0.164634966885366,0.181565175020033,0.0710448446220928,-0.282255360958234,-0.0962231166531332,0.12807209103012,0.0906902261075646,-0.155905813725782,0.268740662745843,-0.108236839152529,-0.159548288573352,0.365306472513624,-0.284864041152454,0.168084859671482,0.206596258328491,-0.222353079155896,-0.291735310220593
0.0395342964188346,-0.13065331498254,0.222204395054764,-0.0675271158849362,-0.126344677158061,0.28485174548106,0.160324622072325,0.107696838146551,0.131121416878735,0.257945450425906,-0.289056238080921,0.0693836404697757,0.137895066486469,0.240721628918382,-0.015754670692309,0.209660245526719,-0.0152191883029619,-0.109485980043871,0.198752101623475,0.407377626420666,0.285637535224845,-0.258845945636835,0.158753241821888,-0.113787545945102
0.0924817314949818,-0.111999111250928,0.211138099871331,-0.0980218812939169,-0.134899748070733,0.246765120116748,0.104280938900388,0.119927246366782,0.140023132352539,0.181762474447146,-0.313603450853574,-0.00493697923411636,0.138011632746811,0.162273007590722,-0.0906423405482114,0.257612835117831,-0.0247369172864355,-0.166018522305725,0.284790526773397,0.360115738606671,0.249321852091453,0.241656087973986,-0.171995948033794,-0.216813123580172
-0.0836874859753456,-0.179739679709542,0.171735707232755,-0.0696836143298983,-0.097708220486527,0.25462749827648,0.243716956736746,0.0183669187191645,-0.0551916647168376,-0.346712515953528,-0.297320279719254,0.200893912219937,0.126523167268642,0.287098821192059,0.0998719692255519,0.197219809696351,-0.0555363921489647,-0.120516732811351,0.12869410325686,0.439589777244447,0.331341585072511,-0.237280250477627,0.0975308916047056,0.00604429123194247
0.37199060217422,0.17954558390521,-0.0765592812829625,-0.176590807269776,0.0794339981049682,0.293528783651748,-0.184713128415739,0.0871919490666116,-0.332108656439733,-0.254217405918539,-0.345566648019931,-0.164671621607711,0.087492600772734,0.153853217628537,0.0811448398409398,-0.0275002366305393,-0.228148732157471,0.127629205816019,0.292761030634849,0.0544404956430527,-0.0663162460800513,-0.145726795725977,-0.442987578938953,-0.184773940621084
0.398247382053749,-0.155295032178119,-0.0701266067720823,-0.133259644961406,0.0983389716671579,0.311464365316042,-0.164555939666455,0.0963675048519175,-0.341415622253599,-0.270041073253568,-0.324282260436755,-0.175157522850804,0.0663340866600829,0.130173886983154,0.0894293884226094,-0.0173355413996338,-0.247335850273915,0.12251440394092,0.314286097914743,0.0559360665724239,-0.0811670305498587,-0.113130562326515,-0.451896442885811,-0.175391445430505
0.356099236902569,0.209952056460234,-0.0593517502644026,-0.195431537418488,0.06434448361507,0.295803926665604,-0.211598745241871,0.0737408580524868,-0.347701962072197,-0.24606810649227,-0.391298101972536,-0.189281385279758,-0.09112341115274,0.19380910313329,0.0773266201797184,-0.0601288137331668,-0.203118202669369,0.168199571441459,0.243486541296221,-0.0556005090553146,-0.0339955543600841,-0.18607182851233,-0.424472550805057,-0.184474137585898
0.405648324951099,0.159033921166542,-0.0396518435872882,-0.112054133298437,0.0931387410903771,0.337157071678459,-0.178035380352106,0.102497985857727,-0.367968994035891,-0.270038700698946,-0.345065676151204,-0.211092862711487,-0.0488767136964727,0.143163858805305,0.0954683390801023,-0.0363630172537696,-0.245085163411503,0.157670521434707,0.288972164779346,0.0514319280656762,-0.058978293002329,-0.117426079392717,-0.451148372253526,-0.175954501753151
0.438995715282675,0.109706302099625,0.0313860247421028,-0.0363088764089475,0.0814469517197173,0.379707685496327,-0.1740473685541,0.153935858454739,-0.397302014446591,-0.260719462662494,-0.283899853464442,-0.258246167958123,0.00401776583432666,0.108306196517198,0.121844383541489,-0.0106359613595838,-0.271674107749993,0.161548102318671,0.306482307338219,0.0204970589759857,-0.0477146412682155,-0.0592986260836751,-0.455125335273432,-0.191196919494864
0.448104293711517,0.0532917000562379,0.129120977564551,0.0175375894607817,0.0276447936924346,0.414750235721499,-0.15926083673501,0.219469486296698,0.404981146448251,-0.203073388866429,0.167101343340343,-0.279213282935119,0.0590181290171504,0.0446939705131235,0.153448152985631,0.0363408687258903,-0.268680840272095,0.145693401806809,0.319409280862732,-0.0551202252395314,-0.00862731604570036,0.0247530247764229,-0.438800351489049,-0.220858234240631
0.388060089262562,-0.00868806560016814,0.229880770476296,0.0409388378790469,-0.0603972512333009,0.43187083861062,-0.0920569753560324,0.262032700773799,0.363170232805889,-0.0677120197088205,-0.000278276640004115,-0.227359350160459,0.111062091508713,-0.0714314650956544,-0.160521666972153,0.0837604678854566,-0.194173963500394,0.108227201678103,0.292154989716064,0.18776815424967,0.076231939511881,0.14268907303193,-0.377980437035834,-0.222677876915197
0.220138798977825,-0.0739746817524702,0.273339061103943,0.0215031167363672,-0.133309830251942,0.398165225233206,0.0413102085978875,0.217111039773345,0.251559350725322,0.127139833776984,-0.164416739892607,-0.0747578300769488,0.138774330276203,-0.205800444822581,-0.0969030897958161,0.119459577194104,0.0604300414573796,0.0443171528916861,0.209462928190798,0.33303174631258,0.197772196863731,0.241847536669393,-0.266317587516414,-0.157159533518584
0.0625373294855647,-0.127722134556211,0.250911775005757,0.0247855897606912,-0.153337902234491,-0.365640261218913,0.154848550703,0.122376585712703,0.139325514452844,0.260055153885685,-0.226245716655258,0.0843898753010338,0.136848528849981,-0.294607690427738,0.00916897382884287,0.101028123451316,-0.0350966821811801,0.0340913371406144,0.108207996728029,0.398913785848909,0.274164715903778,0.264396400976571,0.176752423039205,-0.0415064922303676
-0.0254484588302537,-0.164177028593367,-0.196704848806807,-0.0438669159282898,-0.176719673530308,-0.330734913061049,0.197625070828229,0.0168569415064898,0.0411373962334033,0.301195217176478,-0.251648699143097,0.195740757557353,-0.120898771037004,-0.309422277793326,0.0695950670115486,0.068477744923478,-0.0885349713850512,0.0383944146361168,0.0733409776805092,-0.401670565831283,0.287855794761401,-0.234485475707694,0.103522478249595,0.0275227302342553
0.335765954290064,0.228407637459429,-0.0270392368462221,-0.209275354281769,0.0440305332800506,0.284147288903609,-0.248618368005541,0.06746024672099,-0.361663616745702,-0.229250934303753,-0.416545833804109,-0.214683063422174,-0.094048003043988,0.2373598992282,0.0717958486115748,-0.0772325169619353,-0.18580138788849,0.200637753575442,0.199983538561924,-0.0544724085249542,-0.00433970984271146,-0.232625491888221,-0.392688762986341,-0.189801719491433
0.376641504178479,0.193030774650538,-0.00392358196575451,-0.113579052063338,0.0751269814208928,0.352613139218344,-0.214712372650831,0.0829589085273148,-0.396057075955551,-0.254306053432639,-0.415739898521379,-0.247972817984614,-0.0487767665042566,0.189021728153771,0.0848229208988335,-0.089577344047069,-0.217459151168947,0.237178905345399,0.2035462497098,-0.0554685479192186,-0.00781123765149432,-0.166246369035821,-0.431649789266673,-0.166248779257683
0.40900485188408,0.156257673207308,0.0160102465632928,-0.0554358977952741,0.0881352080251663,0.388285569462685,-0.191464808575256,0.115134631024179,-0.409853188643999,-0.263107335620909,-0.378684353782091,-0.26629769861013,-0.0142743258839546,0.14604500490327,0.0989172652161635,-0.0788605876380216,-0.238300870618477,0.230641856781866,0.22776716065734,-0.0445458814760161,-0.0198913175582818,-0.109572855834012,-0.450655063989533,-0.161765732948246
0.389624354821747,0.163895513606362,0.0486824098289791,-0.032586592748898,0.0804794592175745,0.4048084440052,-0.208166094781287,0.106937531577657,-0.428563839839465,-0.251265893121702,-0.413986353128816,-0.291621627817461,-0.00489204485468646,0.161771141621727,-0.090990416797851,-0.110067096907055,-0.229109770785626,0.287796890222579,0.168268307552534,-0.0475358151962608,0.012122155138469,-0.127354509974804,-0.439808128326926,-0.148461444178907
0.419431411848264,0.120443359330461,0.105330712889182,0.0269786617112367,0.0646401560244043,0.449223585653906,-0.19269263494357,0.162326440422142,0.445133201786811,-0.233870743047952,0.348788196122625,-0.311811159577817,0.0373642367895276,0.104810178853371,-0.111119040330409,-0.0907976113511571,-0.242982100724344,0.290090605304689,0.181687685753178,-0.0109752564051315,0.0176262053153511,-0.0607582313700362,-0.451637805121763,-0.154049137849399
0.423883809869977,0.0570768219305796,0.217154229810136,0.0927398588868337,-0.00982153886020563,0.509106203866987,-0.148595140996551,0.241784333276358,0.439722750112161,-0.145578369344414,0.207616982683139,-0.299335244634336,0.0975140740862435,-0.0136745037203721,-0.135451442256867,-0.0591133601914541,-0.211514234855403,0.291676194302382,0.171353416001908,0.0947789569087278,0.0662278095114713,0.0594713179628701,-0.43585421164959,-0.159384046745319
0.342931345851205,-0.00949447008745827,0.302027966067409,0.122378094879742,-0.104648077158722,-0.522703909178443,-0.0531255887984445,0.262376460202523,0.364821575488592,0.00533156780235585,0.0354852812104332,-0.200064242499447,0.138513130425299,-0.158505375198678,-0.11946139469863,-0.0268418077930588,0.117672508440951,0.265185193214408,0.121913144637906,0.228201381508592,0.147229047711875,0.180027890222287,-0.365570618786488,-0.127732623043279
0.220777458010774,-0.0662796571633268,-0.365486105578355,0.239589408645224,-0.225504991790444,-0.549459432279892,0.0696377137026872,0.14222060159761,0.216158762599391,0.120401668316646,0.062928809231699,-0.0518928424314382,0.166497950108445,-0.291430347449272,-0.0591599868338512,-0.086600759215951,-0.0140925166539994,0.378970023837393,-0.043171993072723,0.265870101246722,0.218105803920034,0.208339742972628,0.271207944530704,-0.00732011258587847
0.209213035428003,-0.070130841444911,0.318337772481416,0.128894637467362,-0.170925264311882,-0.487173240739277,0.060416408984364,0.202706089283657,0.242888083732899,0.147286319076398,-0.0989760056787111,-0.0516934700097735,0.149607930149308,-0.271100983499449,-0.0595067951359897,-0.00805728303948443,0.0127418896207892,0.224503588731519,0.0568380334416789,0.320411759791812,0.218618616209857,0.245683904863333,0.269863639240429,-0.0595898255132177
0.106462373927522,-0.111535851534219,-0.307615658077951,-0.215126502613566,-0.275363756622708,-0.459414959693263,0.140763812609153,0.0380347569541992,0.0752904506795443,0.200081488552969,-0.175232771949911,0.0942662992749805,-0.137594959707432,-0.335333642163513,-0.0167181694398842,-0.0623879722668811,-0.114065836301119,0.283532321785012,-0.02633493165344,-0.303122674550934,0.232912249453855,0.228049096505273,0.157217171881543,0.0195675863432501
0.104870766355054,-0.112838693877761,-0.290179300361437,0.131945785145394,-0.204260666580214,-0.442170025849118,0.134727594555015,0.116553668947137,0.136830380262184,0.223752533942895,-0.170488315697334,0.0675659267959387,0.141989483010517,-0.32080538517341,-0.00292810758753079,-0.00448255612364061,-0.0568701808762749,0.192086654315363,0.0215658696188915,0.35271539520781,0.251777080933432,0.254678026590751,0.19324781116856,-0.00268097851259627
0.352295750581229,0.199959308537094,0.0403196251733131,-0.119263449744398,0.0549843712131674,0.338894941191852,-0.252921124114757,0.074412211074722,-0.410738713211552,-0.230436348610793,-0.428461228869038,-0.269360966134117,-0.0481446023665391,0.230513432680761,0.0747093317422717,-0.0923275444482338,-0.212108122135436,0.271821371439236,0.161641965454395,-0.0525451294759292,0.0230887427613413,-0.21955778093257,-0.397739664820843,-0.16901446926374
0.369585558903049,0.176718641735851,0.0578842866650148,-0.0486988873241996,0.0721664368058736,0.387774133422435,-0.227291517941044,0.0882915402012704,-0.429703075875856,-0.24194635826346,-0.431977949222704,-0.292371434887327,-0.0157314103522697,0.190570721274146,-0.0821925086700399,-0.112058876665341,-0.225240240491807,0.304747536773097,0.145563717915606,-0.0527385079348853,0.0267166078081296,-0.165144516196512,-0.422464231055205,-0.148742673002851
0.342407848792178,0.167487919471163,0.11423013518403,-0.0930968127854437,0.0401940949335041,0.337956230431971,-0.284859265769194,0.0761250714470644,-0.430506551796338,-0.199122726594421,-0.39480491322497,-0.300195859340729,-0.0162282904977602,0.263225950331609,0.0596995882733184,-0.0654651624101812,-0.226873705805848,0.296230770361291,0.138021984482155,-0.0417392823932057,0.0490902557093523,-0.279511132810001,-0.357282855097651,-0.164072978297368
0.358039508927439,0.154764623074268,0.123977392966509,-0.00602320765929597,0.0603129739429133,0.400192409264876,-0.244193624084084,0.0879763388552231,-0.451229690036099,-0.218778030314221,-0.419264333558444,-0.318359025030385,0.0111781138582679,0.19957583855917,-0.0754556904696964,-0.103271982631732,-0.239915089363846,0.351330340599446,0.105364138103681,-0.0444503073186517,0.0559124759747809,-0.189243531101953,-0.400602718793095,-0.136801946599743
0.377821948627211,0.141051834702451,0.118485579241651,0.0322530763154365,0.0684914068759724,0.437142725581877,-0.217522277804895,0.118076416970636,-0.453594222190326,-0.228982015523117,-0.411431065912533,-0.325751203112058,0.0293804958351115,0.151499490441287,-0.087427081883915,-0.12371124811306,-0.237091424838205,0.354013115622405,0.106587643123612,-0.0387494835773571,0.0470209296373024,-0.122896868540178,-0.427695433210941,-0.129317599506141
0.389044049035437,0.115981993202791,0.154101492146934,0.0803559268419492,0.0578037744901032,0.473710680885776,-0.202342840917581,0.15341704449611,0.46062955001141,-0.21537166274101,-0.380869935780123,-0.338195257862445,0.0589020566123059,0.106059862632871,-0.0959746360848594,-0.132181147387978,-0.234458116826737,0.373704481690616,0.0890404157901419,-0.0185862238201362,0.0553016850231809,-0.0732977105461564,-0.434451786831469,-0.119750974198939
0.360078822700196,0.121693358262333,0.176573459980538,0.0762873335594839,0.0552808115926814,-0.448803089419102,-0.222893045798295,0.106228040271134,0.464527345622831,-0.206938974339363,-0.400634661527215,-0.34003738812227,0.0538701961284831,0.153095474298153,-0.0793079737748081,-0.118023682062082,-0.247845520198579,0.404588199512219,0.0594916796811259,-0.033828164349443,0.0761392360389624,-0.143443712331211,-0.407755909451789,-0.110157154973
0.372454432358054,0.0992384960957278,-0.209479391847988,0.125577650298735,0.0379119027672896,-0.493797383669084,-0.199280265736538,0.140738544919866,0.465309507950683,-0.192569605792714,-0.369449266203633,-0.344967554992084,0.0834906692419887,0.096469695678121,-0.0888399114944476,-0.134163057771555,-0.237413529591706,0.430564389223131,0.0365352942896606,-0.0112769461947534,0.0854349883259544,-0.0859643183230299,-0.419880701045959,-0.0967069655105388
0.399583802911121,0.0879971163660395,0.210818370090482,0.124091827541904,0.0211507560213912,0.517654590841344,-0.179263270077239,0.19061003637981,0.461257024986189,-0.180024409804061,-0.323481504313145,-0.333989424987907,0.0906576419334649,0.0434948579866825,-0.107277156998453,-0.129610420618044,-0.220776841976444,0.396694119489719,0.0725222433616692,0.0259332048654377,0.0764552838334605,-0.0176702794327285,-0.436476561674093,-0.11302391309072
0.373904207192375,0.0566666269040528,-0.295380615810075,0.205486698139871,-0.0285844134445889,-0.562077233913944,-0.148536688718857,0.170283414571177,0.445652915564277,-0.136227977249552,-0.283743577337532,-0.322449886083417,0.133466621777165,-0.0051728305831457,-0.0983715594036773,-0.141848683577307,0.203269304593926,0.486186422776295,-0.0135728658949041,0.0474550351124221,0.122442269060948,-0.0111252235869262,-0.415660868245226,-0.0684316536670815
0.380701426664007,0.0345325367079394,0.306037900271046,0.186836084921134,-0.0678706259467803,-0.57359833273001,-0.111297159706485,0.229201185046291,0.421930356370072,-0.0830045449897963,-0.191696965993992,-0.280027693738366,0.138165881756469,-0.0862498539528623,-0.11366698326785,-0.11917398274782,0.161215528877084,0.420767571922186,0.0314967152766258,0.124099000305808,0.128734187923544,0.0858559282165277,-0.410329635950424,-0.0896975039530264
0.333513420295061,-0.00639600626013851,-0.392594249505389,0.289798007407719,-0.160702101432344,-0.615904651794567,-0.0339243721863191,0.149589883033153,0.345256568042304,-0.0243354333072956,-0.112894971335659,-0.21503090452301,0.182206171095505,-0.165749340453106,-0.0970706016974207,-0.131897458379234,0.101734373114451,0.520542603737632,-0.0680802192483831,0.142561240626641,0.177940091765978,0.0857770557433758,0.368266471430296,-0.0238152343350849
0.306570757820704,-0.0210521462563741,-0.351775009149252,0.207131841367892,-0.151965441798939,-0.570376114222455,-0.017856023106351,0.222821098638342,0.329717065061537,0.0382124247479968,0.0421416682828589,-0.168227542549867,0.159642235375206,-0.211213841801496,-0.0931600672103462,-0.0943829072317397,0.0718533767947865,0.386918367834291,-0.00070865104100858,0.224615555544144,0.18108265507037,0.179526166705227,0.344095738275934,-0.0555161163148676
0.248261935801087,-0.0501269085914168,-0.437641433544923,-0.360119256622777,-0.30434490452954,-0.577943081366262,0.090252119273758,0.0311052798307824,0.162848996187398,0.0645549693154372,0.0607457036318308,-0.0669133785236647,-0.185746968850223,-0.293533186504964,-0.0892061928997832,-0.122999982252414,-0.054399604458317,0.522148640337921,-0.123985343063689,-0.166993886877153,0.197888077250197,0.131999613353459,0.25584536142375,0.0209091897790046
0.355300162834157,0.11696423867851,-0.199525470018026,0.0456330592856037,0.0425820123547203,-0.421579293608516,-0.243606012657863,0.0779561931208368,-0.46350851820779,-0.191250357813984,-0.376895982342736,-0.332938395726021,0.0536159560626451,0.199223084434582,-0.0674717637899723,-0.0744104672235718,-0.258864640829483,0.391311346191246,0.0794156032024301,-0.0287762281156101,0.0822791665330389,-0.222229574280947,-0.378136099759242,-0.116863486933515
0.353930960313204,0.120510988250607,-0.188249561825339,0.0687946464185428,0.0520350706409212,-0.435940269729709,-0.23184195631954,0.0914892724014806,-0.46606161736838,-0.200669142489947,-0.395727046479908,-0.338431297299419,0.0528304038759168,0.172048658839599,-0.0742535800829634,-0.10161493613054,-0.254732192331242,0.40541087411293,0.0611846715188454,-0.0337982461559237,0.0813675230259046,-0.173783192689237,-0.394535240276509,-0.110874630163626
0.360002034330414,0.0503828203431234,-0.297229211457769,0.142780778078904,0.00122260782359646,-0.485126566255755,-0.194525448648944,0.0495790486929642,0.448444304566182,-0.154000287216288,-0.293303203023679,-0.331298768775816,0.134203360117469,0.161235225535505,-0.0588873414365356,-0.0383561259548241,-0.268443910994143,0.44754072841536,0.0452324380800962,-0.00392404366902996,0.114932170218762,-0.245759085567738,0.364928578733082,-0.0735377858201874
0.362048795751568,0.0794743355823112,-0.262516747951218,0.151896079675269,0.0169158309283266,-0.497357113306562,-0.194831737535221,0.0968037423334524,0.462489503012449,-0.174355365155199,-0.342490607607021,-0.340875862512895,0.107941487018384,0.11459454024418,-0.0781824431577786,-0.100616085756283,-0.252686346557605,0.465001496605825,0.0184869089022143,-0.00856510928008018,0.10793213824902,-0.14637803476192,-0.397906732649707,-0.0791886626754256
0.362920910534346,0.0674579564254704,-0.279248091952262,0.191327756116225,0.00130659667723049,-0.530523309291495,-0.173310855557795,0.134813304850145,0.456492087759535,-0.160377227763051,-0.323501796837356,-0.339581232638611,0.123465670318467,0.0539909566933122,-0.0875216188883788,-0.130886349085623,0.232185953839146,0.488224577206523,-0.0146275101643006,0.0104883921188489,0.115860411845328,-0.0741486887724137,-0.407272872318167,-0.066891017453556
0.357261099477743,0.00443953607333312,-0.390787425572759,0.281022050899763,-0.0850168559233432,-0.578155560672997,-0.0910374822180813,0.0363959515020699,0.393928303412746,-0.111831056691151,-0.202671451331445,-0.293303330873722,-0.202207900457125,0.0198491395485464,-0.076575480580669,-0.0632425836817742,0.218283675427039,0.544211899266676,-0.0386504260688185,0.0324837907745883,0.152873307716448,-0.148750503059566,0.37531756135882,-0.0186620544009139
0.360836230172722,0.030160078715865,-0.356485103893138,0.262569947918337,-0.069684732332519,-0.583502389461793,-0.114248626147229,0.111030194071747,0.418755746118007,-0.116651179403478,-0.241032204980131,-0.303700144626248,0.16973619128337,-0.0181386842283904,-0.091024587218737,-0.120025736389237,0.200793811476009,0.541127142478154,-0.0512040568979302,0.0476634007127305,0.147559088831708,-0.0530475859581364,0.39703085208469,-0.0358798263382059
0.320900473656349,-0.0252796220302081,-0.453202529711329,-0.369312608025562,-0.216515207119491,-0.619041534109837,0.0204139179769281,0.0323272097865274,0.279187861471339,-0.0322733361568239,-0.0664868599870291,-0.193654348766939,-0.220391772454537,-0.164174783961738,-0.095219413488415,-0.10561023863706,0.0846476424663617,0.588241375932206,-0.116068822535496,-0.0926039434763427,0.183301979283794,0.000309671751789725,0.338427296832151,0.0165537489232568
