0.0222046993963328,-0.104907195007042,-0.126657919646875,0.108632687728123,-0.265399383100079,-0.214708271873966,0.0276743634410124,0.224141899543331,-0.0567710949431196,-0.27904468233486,0.181554789840268,-0.393066490862707,0.0181501560712033,-0.355382877108553,0.282903594737299,-0.420139797384479,-0.0228875194578142,-0.0247306722070802,-0.0664200638419618,-0.220061694513861,-0.437657088903911,0.0986397715325212,-0.0977784761584531,0.229478192712732
-0.0191914919963518,-0.125242561906136,-0.139796582294699,0.112283766791799,0.273512169099725,-0.234865351335256,0.00509413299468918,0.284852295692668,-0.0347107472462697,-0.320392441485756,0.213959647840473,-0.410354097235846,0.011943805091829,-0.403382694591564,0.282778165998628,-0.389742469893509,0.0251807303943875,-0.0136047625265924,-0.122338516568342,-0.230326964716241,-0.428956081712314,0.0779844410152109,-0.130173453761291,0.228570527192273
-0.0738032189727641,0.142558769397498,-0.140364749801698,0.0911995182108208,0.284598333505577,-0.26163543687879,0.0127361402311267,0.354556413099174,-0.0149597970782738,-0.369260877028598,0.239214186824012,-0.425518181037518,0.019214575583036,-0.441921069171567,0.288545547515489,-0.322455817717717,0.0818031338901414,-0.00655968868350832,-0.187084669932356,-0.248562082900975,-0.411601494746906,0.0403143693404369,-0.157028981189491,0.219854982816817
-0.135124087716969,0.136662661100313,-0.120238828834235,0.0451657617436757,0.285861753127725,-0.288208730720149,0.00958020387031892,0.413876793690509,-0.00897534612768373,-0.413736379884038,0.236036529846542,-0.438264054232909,0.0306746047379487,-0.451982097330284,0.3021358553492,0.220703688846791,0.139798855595775,-0.0113034161722771,0.24067780179046,-0.271710915164662,-0.384672792271345,-0.0128814670752877,-0.167329839075038,0.199809096813329
0.29777958044988,0.20775421020914,-0.138094497937479,0.408055967709892,0.00819995100118696,0.113711049186178,-0.423943003410163,0.00466586698478487,0.243642090954443,-0.15498105622076,0.242719854350278,-0.478972887898974,0.457235949057683,0.252378300021196,0.0594943355954359,-0.126931637620164,-0.133931022355666,0.145437563181925,0.0132199545313821,0.223269976734996,-0.00526753023584604,0.640832013736774,0.265096735981126,0.201773410394309
0.299626529319642,0.247240675662624,-0.0962450423356032,0.398245261073152,0.0339521573176643,0.0537008530975639,0.440749698173269,-0.0393131798964108,0.289288809290227,-0.156150245504879,0.312178072883007,-0.533706610348592,-0.472953843149274,0.240069529030867,0.040418808710757,-0.0889193886459795,-0.135570097610045,0.189965991002465,0.0462225376420494,0.275907934948167,-0.00674586211676032,0.596683856817413,0.176727595378858,0.188255852366071
0.281166461447656,0.13522346781622,-0.00973712972948649,0.384718529650594,0.0402038293563822,0.152454984757943,0.467983641239414,0.0591321309540992,0.268842406698838,-0.136007751337463,0.320779004818911,-0.427195127918792,0.385639760934614,0.259910754101625,-0.0397394244228936,-0.128570432793703,-0.0707632516716708,0.137135811912981,-0.0169056125432897,0.334278690961515,-0.0303281908094149,0.640808327402786,0.201545383196577,-0.164960787602567
0.0234107512498394,-0.101079497919259,-0.159853538961915,0.11767765178794,-0.254207785395349,-0.214374107991276,0.016324671094559,0.186136342347679,-0.0654613114075065,-0.263479127888722,0.206264595282513,-0.384940283067361,0.0116297382758554,-0.309013977780295,0.255279975709698,-0.399324080770838,-0.0233893282679894,-0.0361906455406477,-0.0347716480041829,-0.191312077915052,-0.451162189797154,0.104146436312885,-0.0725869033261018,0.254733654147643
-0.0104950006584004,-0.125252433243437,-0.175401445742201,0.127565712780564,0.252545632508792,-0.227506274026454,-0.00900390596909142,0.241547651495079,-0.0412063022335237,-0.302503855985488,0.241036298952482,-0.392927999998578,0.0111781296253971,-0.351056904761468,0.250469308077673,-0.377831754052998,0.0184308232402,-0.0234468797946463,-0.0774276703052334,-0.194665158557871,-0.439293513260127,0.0927638734404601,-0.0982724169803146,0.26259770442125
-0.0599148022563484,0.150628402608152,-0.181484776103226,0.110714853647488,0.259342446124118,-0.24834996458869,0.0343203774299504,0.313815150341884,-0.0119147497942487,-0.351882022191002,0.27428208558407,-0.401747170877123,0.0287210365232836,-0.392000405979627,0.249534892015155,-0.324625453650258,0.069927642532978,-0.0119661247695456,-0.137241614004963,-0.20537813885774,-0.418994651717638,0.0646160452695432,-0.126194463638252,0.260865771962238
-0.121171715296585,0.159276411536032,-0.170265134152492,0.0687625614105935,0.2684866202682,-0.276220808039662,0.0430554711467161,0.384334569115271,0.0114101415676984,-0.402911061986995,0.287128334038856,-0.413690454610051,0.0545399231892101,-0.415286586591815,0.254785120170449,-0.239570392808529,0.12296946941457,-0.0119495557083994,-0.197166927895893,-0.224366437545031,-0.390332114470853,0.0167823948237786,-0.144338624540018,0.245025561362149
-0.179932841115811,0.13437545758786,-0.144867529469464,0.000883053146818337,0.270641896008294,-0.303744742629006,0.0258733741471913,0.43826470654448,0.0150835298187211,0.443107104651668,0.268273464771962,-0.425478989947106,0.0741298246712219,-0.411424798872003,0.27150549874708,0.129752078071042,0.173376827570456,-0.0165468311105666,0.248287443710596,-0.245430083406635,-0.357206618545035,-0.0444175103588394,-0.149512816158508,0.205964882732432
-0.222379395170042,0.0665999979879037,-0.112907679327113,-0.0774892463076477,0.258140706327838,-0.314546421848453,-0.0233118754868291,0.460814400934659,-0.0160122691325396,0.452841490792684,0.20775770046087,-0.435222072303435,0.0613932380751438,-0.379873478856272,0.30585751996922,0.0165117710727235,0.21509607490205,-0.0194520870550287,0.283780960081414,-0.265926145421079,-0.326463591828423,-0.106413001599733,-0.141383680456973,0.141950903432786
0.302600972675881,0.278310413160242,-0.0991103617535473,0.388026013217238,0.0311141532119799,0.0128528333068995,0.430822510048167,-0.0725285678971579,0.290877595219989,-0.165933354227134,0.32183544778441,-0.554921513700026,-0.485494975598909,0.225773559232288,0.0673179944184847,-0.0753439779954151,-0.15267092413573,0.204383253196573,0.0592540712001981,0.273020196367416,-0.0152817449422592,0.569720295356389,0.143999089230371,0.193609413509348
0.28087317244157,0.172345180539553,-0.0302257126783969,0.388433673253479,0.0460231748461283,0.115416684765091,0.458602769327884,0.0159112263060239,0.294127016749257,-0.141056875093944,0.330477491056513,-0.479939366103689,0.415518904402569,0.253997378839336,-0.0295603349742461,-0.102191875389089,-0.0909802297973728,0.167568971009057,0.037023979258486,0.327209061701351,-0.0173816190015208,0.617905072114951,0.167766742606748,-0.160834736108837
0.293440600081549,0.233088168126629,-0.0535380089560804,0.390082166915917,0.0419838865488804,0.0455862427864204,0.444401572933503,-0.046396475819266,0.305089184269266,-0.152108728173099,0.342736339888866,-0.534522741135065,-0.457003527264649,0.234177611392847,0.0146859105221302,-0.0776722073972803,-0.120541523453277,0.204412528116472,0.0642568798419758,0.312547811890441,-0.0161109387559718,0.581668067456635,0.121872521517885,-0.167862662199705
0.307482021869131,0.299821852763629,-0.0788647619500411,0.372312117579008,0.0274305908652168,-0.0303433278189743,0.427149614588074,-0.096684151234431,0.290456141049004,-0.169883259027115,0.343757239954263,-0.564712260514603,-0.483237860181296,0.207936189644923,0.0859603958064248,-0.0629074304860939,-0.160130159019572,0.21730593347128,0.0780312332745119,0.286438795839223,-0.0284277574039748,0.53698044756584,0.0980776999334286,0.191240724188687
0.232705818938138,-0.0459420509899226,0.176754642269203,0.362136090780503,0.0594667356729972,0.221884708805136,0.462481162962271,-0.144471255205838,0.193657941253634,-0.109749629501437,0.324134867493573,-0.232499422946115,0.253772106197298,0.243340510205284,0.121758988997778,-0.16996403193229,0.0326280634428434,0.0969888282148473,0.0302971750769815,0.424190114775542,-0.112856067285715,0.657746165373541,0.128848307851845,-0.146982136311902
0.262724069778495,0.0993516010761925,0.0463831764473977,0.389573267724752,0.0570317685875557,0.1532443305329,0.467145178770395,0.0525819528167932,0.28105560733096,-0.129102170875,0.344228770941587,-0.418128891564645,0.370774260176713,0.256806407690293,-0.0795208638269017,-0.112697810243042,-0.0473869595730158,0.15924897903763,-0.0232473563148093,0.371888066979757,-0.0419185227126501,0.633398124444561,0.13938603379223,-0.149253229344335
0.272763544354854,0.169677053452777,-0.0104667663100253,0.389387524893625,0.0545482392375332,0.101308513935985,0.45311347306142,-0.00486725783219488,0.309343589951869,-0.140276118397072,0.346442716465735,-0.493839886985115,0.417867046261146,0.24792141882699,-0.0434934374630706,-0.0861075215347389,-0.0868165348640613,0.189125140343526,0.0504267416601476,0.34283120097149,-0.0195194079371767,0.603057802220819,0.12168796071478,-0.149111065792262
0.0224518895189541,-0.078080521758643,-0.199154196867751,0.110926903543632,-0.24030921412345,-0.217194611462374,0.00778896390497219,0.144665310153936,-0.0777215124876651,-0.244264599392742,0.2260895268322,-0.38449096410153,-0.00282335139002621,-0.256841963056898,0.224108994751065,-0.369594022523415,-0.0176867586430507,-0.0405267388763839,-0.0054494917866798,-0.152969511125994,-0.471210901064684,0.10705117151391,-0.057920562038743,-0.268283813837805
0.000390586166274715,-0.10011119000154,-0.215715047803777,0.12876291687508,-0.227295500279703,-0.224864477083614,-0.0168179219429273,0.19071069942026,-0.0556454709187727,-0.279424539820457,0.258655175953072,-0.384832106776476,-0.00563927643506376,-0.294090921644237,0.216961331355709,-0.360790537838265,0.0175084276096565,-0.0230740905310165,-0.0336684011905435,-0.150360695502079,-0.457591310972431,0.105368110337815,-0.0772914494843671,0.280380189896356
-0.0402095283577897,0.133937920736563,-0.226043859900525,0.118765101541611,0.219324642195035,-0.239380968804244,-0.0519864053119353,0.266923026725167,-0.0194081001644058,-0.333507164020558,0.301276746596728,-0.381279256942773,0.0206564259298941,-0.336951636443306,-0.209219327579776,-0.318041836219101,0.0714074051999909,-0.00198000206753921,-0.0861084256236696,-0.15061111365472,-0.429847024100274,0.0899274807256847,-0.104888914916612,0.287735612255031
-0.0984354565638835,0.162972745820105,-0.210360842100196,0.086099874673052,0.235909922345496,-0.262798043504411,0.0679318072830916,0.349798278201471,0.0165200299607278,-0.389098108642281,0.320406955426745,-0.388094615758252,0.0623748502130391,-0.377278898896786,-0.215101335541615,-0.253116588588648,0.116891006060127,-0.00236184595932242,-0.151626002751983,-0.175004749176792,-0.394707806126098,0.049045035957111,-0.127872739540111,0.277152264391844
-0.155981470969656,0.161346729452797,-0.190640822511284,0.0255238228659747,0.248759952484986,-0.293318493148187,0.0668392692452268,0.41639410966284,0.0409112456005137,0.438663049303418,0.321603629624373,-0.395993343272608,0.103520869372588,-0.389792546253566,0.221684497615879,-0.161719439136569,0.160988867565961,-0.00461944708714486,0.208520499317632,-0.192757019199044,-0.358568870543626,-0.00444847211578217,-0.142009510303223,0.246462580115329
-0.20576277125774,0.120683042404891,-0.161088642443768,-0.0672922701153447,0.259803758406116,-0.330288452875557,0.0381127192635303,0.468264841743781,0.0455468216445066,0.480227247406452,0.291815028484418,-0.402881291272396,0.138910153301987,-0.37998815135196,0.241941610921395,-0.0469518853012692,0.201713628617886,-0.00501328865806084,0.265699668934252,-0.20771555458917,-0.315211662627558,-0.0755302537310598,-0.148478654796973,0.172204605734793
-0.236850978084021,0.0260535623037207,-0.12453846230798,-0.130426081756102,0.25801273735662,-0.338000055959917,0.0373944884498093,0.468894908911069,-0.0150153837539848,0.465021311896503,0.198297781505339,-0.442957401724377,0.0769990716901284,-0.35913894078195,0.298176144032569,-0.0326709501588278,0.234429151878461,0.0148692330048073,0.303889702472952,-0.239743277950253,-0.304543255069018,0.142549037880203,-0.142556600241627,0.0779455984725924
-0.243380593564535,-0.0761278030215236,-0.12637940565386,-0.174608060635835,0.239649613089604,-0.333061510792417,0.0959533956254131,0.444795790150632,-0.0786803860119387,0.421750571342622,0.121955235425141,-0.484068411253713,-0.00746965089910726,-0.340132133708829,0.330561626540886,-0.062992035945192,-0.265695546758993,0.00358475923685087,0.322376279718861,-0.237044708918655,-0.311536468744294,0.172113397903975,-0.149619254880107,-0.0103611760031168
-0.0755232224294296,0.151743135706651,-0.238938307432474,0.0902315745973796,0.198606806927323,-0.253813108210358,0.0844947162334997,0.321737524473298,0.0142642633013997,-0.379103774857199,0.340344004962469,-0.366967402362639,0.0598771201738268,-0.3457376790945,-0.185985678410754,-0.256096513449784,0.122570560944193,0.0164980171926539,-0.11685953726797,-0.131755687553969,-0.396974844465649,0.0741664410888865,-0.121215858664768,0.292965991631576
-0.119211948368684,0.165083376315988,-0.22392910765517,0.0446170307131203,0.210083631260291,-0.277228812546544,0.0938162587971671,0.383593402042535,0.0455465842320264,0.42421870129901,0.35282832059106,-0.365990026441729,0.108394142575047,-0.36406444104829,-0.185396379095311,-0.190688140876169,0.157395225460777,0.0175784503137986,0.164950821656111,-0.143548542993771,-0.362757778189988,0.0377964830104125,-0.138274136940673,0.274994504809828
-0.166592336901895,0.160271469821296,-0.199222641332491,-0.02328576603084,0.227628261861874,-0.308652918725058,0.0886522810856077,0.442001665669524,-0.0722760950577519,0.469134864282405,0.349033493786731,-0.367021712920242,0.1609149227959,-0.371236068941327,0.190600444123099,-0.104737098166139,0.189597329761433,0.0139747708030933,0.217577334459895,-0.157549661038691,-0.322219152052329,-0.014591709755032,-0.152020349674947,0.233153479456329
-0.190295939704623,0.147796435436013,-0.180945315968938,-0.0764390320759831,0.241781823806132,-0.331168652456022,0.0783114999712881,0.472546879507167,-0.0852580397030178,0.494205026572095,0.338719684656047,-0.362937606438942,0.195439703661796,-0.369222447341885,0.197662920149317,-0.046252742906629,0.203212872204624,0.0136063400236859,0.251914029008504,-0.164141456764114,-0.292677987649501,-0.052537483231463,-0.157789145307934,0.189077894043598
0.258279581235337,0.13826758339334,0.0372496510175827,0.402321146677551,0.0636185854897478,0.0944339134697554,0.444435696973655,-0.0243249833591544,0.320203499228717,-0.136315751950926,0.364380649597406,-0.488998265691028,-0.414901313966517,0.238473842450588,0.0714431939079209,-0.0691256229552835,-0.0676853270860211,0.218513567301413,0.064340848345905,0.370076969246152,-0.029717738563481,0.591433637284728,0.0510908770290291,-0.131855453261462
0.0157287638921558,-0.0417655781972991,-0.241232703797785,0.0884208679541831,-0.22396369565233,-0.219759421041186,0.00066943041045181,0.102975515035798,-0.0923265992263488,-0.222262514866759,0.241311536809537,-0.389373152295876,-0.0191437039399473,-0.196548151691097,0.190482969880111,-0.32629204933023,-0.00461207477848545,-0.0437448557977052,0.0215322611665433,-0.105235768354273,-0.495858069451378,0.108424759972437,-0.0513735094776802,-0.275380517757105
0.00740578421606686,-0.0533422374267843,-0.261011900831978,0.113039961437958,-0.199121780082787,-0.224355238508625,-0.0201456319591394,0.134388464794327,-0.0751086892648012,-0.251040382864456,0.269020142199279,-0.385440905628719,-0.0324353439154703,-0.227891364008633,0.180247009945396,-0.33038655819332,0.023105176589083,-0.0185298357866831,0.00902761900360998,-0.0953507839594638,-0.483317198400136,0.114292591984984,-0.0660700310416238,0.286714904032595
-0.0111092562155845,-0.0817055739962348,-0.266613762965133,0.119153641624571,0.178217336654239,-0.230525745234622,-0.0489941610775152,0.193254656341296,-0.046691242719172,-0.29547441023439,0.301552414515626,-0.3752342557949,-0.0171590487435576,-0.2691395840542,-0.175101515156069,-0.316677173634799,0.0644035378502542,0.00767879742477225,-0.0234580360705468,-0.0932235794574847,-0.456851680467152,0.113408085931629,-0.0876116927565659,0.296320591034289
-0.0359074792402417,0.115418256603325,-0.264259444144962,0.0991287487462728,0.165510306945053,-0.241691014469732,-0.0812331933433009,0.262947103667849,-0.0103333747004996,-0.345545590893447,0.337323297975347,-0.358041457743351,0.0255182372369574,-0.30472334230877,-0.16820772404208,-0.279250800755624,0.111081303602697,0.0330493992179423,-0.0680309371085103,-0.0929558149268843,-0.420005071993057,0.103231318845675,-0.110815528246454,0.298399826432811
-0.220582121515085,0.0702504636653856,-0.133451891156434,-0.137663463494128,0.268274924210855,-0.359106199632417,-0.00176246679870658,0.483244426610639,0.0337204286261567,0.496378214331026,0.248530137779502,-0.410980112114049,0.151630649110956,-0.370399617681503,0.264859340109311,0.0201582002481696,0.218847189435546,0.00721343229720628,0.303713341587268,-0.208538138848062,-0.28339093562345,0.133702940714665,-0.154890246963058,0.0754723738891995
-0.223866973802185,-0.00196976000640654,-0.111940153685123,-0.175467743762076,0.268498083698532,-0.369038735572686,0.0525370079915735,0.471377135565231,-0.0135504639531676,0.475998925187008,0.179007327557431,-0.44398834150612,-0.0970233462691133,-0.369033899783814,0.305381663309298,-0.0433349016314483,0.23089600005808,0.00708619252446103,0.32955188191315,-0.221038109306243,-0.284789444197142,0.175095228576151,-0.16283414139891,-0.0180519614536825
-0.216111268212017,-0.0819264559494514,-0.103127958489882,-0.207938949629151,0.259176650826266,-0.381058741309052,0.0965761553215949,0.445791072370063,-0.0566835874016437,0.435983956066978,0.113403737995035,-0.487570435066877,-0.0259184950406443,0.381490100593401,0.328889760619029,-0.0284140944123036,-0.243044462327755,-0.00472977031117769,0.350882179120534,-0.215040784633915,-0.299411724604095,0.199253228914489,-0.191549509085793,0.127217268639327
-0.070394290431411,0.140547753669777,-0.252137433927522,0.0549152074340439,0.162581706868977,-0.262451511948949,0.10492454862673,0.334903317467147,0.0305448996992222,0.398916799286152,0.365634843768024,-0.342425330585467,0.0877880230785872,-0.33036299696663,-0.159533739622226,-0.218716137118001,0.157317504466925,0.0484262049422791,-0.116924412120417,-0.0952780510410129,-0.376440757268847,0.0785901228966156,-0.136200306644673,0.287641847279828
-0.112269888772631,0.157232227371233,-0.226004248106309,-0.0106631140265224,0.180224000715532,-0.29285906514536,0.114213493743846,0.407728249612557,0.0730503821133779,0.452168237871689,0.379554676430387,-0.330443992704486,0.162872522599269,-0.351898570495491,-0.158985676350369,-0.141965767874779,0.192964353195437,0.0513201533609622,0.176706441016058,-0.108491774684471,-0.328021120997417,0.0357620494726992,-0.16185420983586,0.254239563993058
-0.151790655471254,0.154985998723579,-0.194915132790928,-0.0826080665755467,0.213200050096884,-0.326084452002736,0.103811659594221,0.462890613310371,0.099885408693366,0.493452478372102,0.370420734454734,-0.327505347010927,0.221469069622621,-0.363236017460978,0.173688692779423,-0.0642969687671511,0.209289210667772,0.0439319575853473,0.236172443227494,-0.128250493623192,-0.28634949795538,-0.0200930491585268,-0.17538883232918,0.19617472791999
-0.186205612065233,0.122543967587038,-0.153972718882648,-0.131544755413623,0.251678521693973,-0.353954020050038,0.0587214066507035,0.48724664875167,0.0832787827669866,0.511975486139661,0.31614162205418,-0.356913747707784,0.220006424580937,-0.373080430884221,0.220879444599585,-0.00840968182667719,0.209162093461517,0.0178653217367638,0.284105741288171,-0.166575822799468,-0.269843920773732,0.0873641877653996,-0.172289375324104,0.117607318613172
-0.190103543366856,0.0604289335878705,-0.108215479352695,-0.187241178059341,0.273015018050097,-0.378250666920324,0.00153014154461698,0.486978694684947,0.0446743497973462,0.510942229297814,0.238451558850305,-0.381975530574059,-0.194385033045637,-0.380245331439219,0.278228819557673,0.0294790094786362,0.204624932531962,-0.00644841375190879,0.326774892563443,-0.190116533240275,-0.255974417620772,0.153020463324835,-0.178888261815098,-0.00698202545591162
-0.183245100813242,-0.0111418342952677,-0.0699091621159203,-0.218055760771466,0.272945158300157,-0.387762349600364,0.0571912832295011,0.463642404541391,-0.00267460603842136,0.479179742783612,0.15306963887372,-0.421073642894646,-0.128728342889658,0.395389331389686,0.324120214679917,-0.0242239609545626,0.201447274721527,-0.00128895588063033,0.35336461738435,-0.202423312877295,-0.261761784267597,0.196552188923692,-0.198124367820292,-0.128015199532383
-0.173892179769104,-0.0847102656588834,-0.0479400675123475,-0.245665821404328,0.257395023252301,-0.393527233487439,0.0959822863417964,0.431283546999615,-0.0339760320440409,0.428076327915513,0.0800303579329857,-0.45907499910319,-0.0577813848584224,0.412666845358932,0.340303948395545,0.00947200904341745,0.198147054973545,-0.0112500849848042,0.368570305818212,-0.196021377126035,-0.277513079353993,0.213317464868563,-0.234508237722237,0.239471599564172
0.206582343051299,0.0293006977031171,0.149220097034621,0.42933822763828,0.0910422080925774,0.120367253719004,0.423630406163003,-0.0249319325947027,0.331293710897247,-0.111839802765055,0.380154422495206,0.438902745319309,0.384561989635917,0.235310555529919,0.166954765486721,-0.0379875491784492,-0.00879384554624857,0.257862881434076,0.0614774349227304,0.419817581375464,-0.0412203464484873,0.580624150660489,-0.0558606867443849,-0.102910078032627
-0.259037377316377,0.142089806357637,0.0582570828814503,0.419938815110266,0.0624567902406568,0.0526168631369343,0.422927300745362,-0.0780494109361983,0.33779673791252,-0.134717072008845,0.384130839443226,-0.510454366324413,-0.437064367486722,0.207894510886744,0.0691202912320464,-0.0452717625108102,-0.0625329256001761,0.266606439988365,-0.10551183902047,0.377585810362533,-0.0301479634605321,0.549390143657625,-0.045106475058984,-0.101026688835591
0.00188718058089138,-0.00482687226065372,-0.280380721767439,0.0600911717516605,-0.203880762236614,-0.218950442186645,-0.00857529422716181,0.0682713801127914,-0.106698871492717,-0.201264045570878,0.253695105947426,-0.396122504447302,-0.0335817128946181,-0.135616423043884,0.157735757076234,-0.274635580819482,0.0182097359839711,-0.0505283868705577,0.0439661927301883,-0.0533870496832545,-0.518790467315072,0.111886928572307,-0.0487224155138126,-0.28264100681586
0.00152296440629613,0.00364380913074572,-0.307796064015298,0.0842264330044351,-0.171805511062076,-0.222486132556791,-0.0213831150774681,0.0774086112200917,-0.097602330187551,-0.217393499002528,0.272988055686145,-0.394006295876873,-0.0605833035255465,-0.15131909046303,0.140364457399296,-0.280953621124411,0.0369892616120826,-0.0229072930537971,0.0491005351575324,-0.0327407344960672,-0.512194868949733,0.119109690324319,-0.0589943563294876,-0.288837115135384
0.00504338935612113,-0.00313732449782961,-0.322726716075549,0.091504876858187,-0.122247412088989,-0.225270556518899,-0.0505494262793164,0.119836426630867,-0.0726838278249789,-0.256042493953874,0.304173128205693,-0.373805901354085,-0.0621639622134333,-0.184346092866099,-0.124837926090886,-0.27978194547079,0.0793220613001882,0.0288435070026908,0.0358523939328316,-0.00986295336037549,-0.484975013304699,0.13202787289412,-0.083074760435121,0.293573093968548
-0.00792166261625979,0.0629451296348212,-0.293748308240288,0.098287762650571,0.128826005149943,-0.232841448931172,-0.0732534236918252,0.199163524758651,-0.037293200751001,-0.31024679410432,0.32838422876665,-0.356194551225451,-0.0159192694860387,-0.251301510321956,-0.144168958928954,-0.282887621149953,0.104717213707791,0.045206667478004,-0.0161392828147041,-0.0463777081981528,-0.444669877119152,0.123579528147688,-0.1013628173043,0.298703571211914
0.0103166062806591,0.0222093117290105,-0.317033311818533,0.0749870977700458,0.0840387850906137,-0.23088504346649,-0.0806413954872019,0.171911453480096,-0.0436142921664208,-0.298369008416919,0.334278283965095,-0.342252442880289,-0.0309947897362644,-0.214628562523327,-0.115351277333158,-0.262934174821526,0.125234050359237,0.0759353653254596,0.00927885069133828,0.00166242312679916,-0.445728216709599,0.138652314165788,-0.107824719167846,0.291540487754145
-0.0124554945841893,0.0817573933856987,-0.286702287977336,0.0565406347804119,0.104765316619394,-0.246755206697342,-0.103218416678633,0.25678150775745,-0.00159490958086943,-0.35295890942399,0.362919823688552,-0.325360978094525,0.0380273468244485,-0.273188108447366,-0.130111589488794,-0.242952879512525,0.154842271135839,0.0847280620215086,-0.0536741197595725,-0.0350107253715249,-0.403150000330087,0.120807797717348,-0.130412040220595,0.28875330577664
-0.0460701637497888,0.123909259286131,-0.252854988134674,-0.00461831572713987,0.118306311835252,-0.27537292523517,0.126027049414003,0.351125333116508,0.0547556861710697,0.418157255198356,0.393544082746139,-0.297234638633318,0.136706942487912,-0.315828779355214,-0.128947665310375,-0.176848148224942,0.20099270154171,0.0982572291132468,0.125270541607931,-0.0542103796952181,-0.341499203197233,0.087847655343708,-0.168664959888673,0.263353803031575
-0.0656778061775178,0.142500997921121,-0.212957533780411,-0.0958550603485427,0.140698098536037,-0.309205730840652,0.136316648994219,0.424599100980158,0.109127133247043,0.469600086784227,0.411266720359719,-0.25815130242395,0.242932479382089,-0.339551382198586,-0.130218907541114,-0.0994132854405067,0.22937655276663,0.110183588588488,0.197691114488582,-0.0626969138809476,-0.278837589845029,0.0474744249640675,-0.212579445336044,0.201972545151314
-0.114547722624317,0.14329750453691,-0.165071355153637,-0.166306439216537,0.20910168242097,-0.346247176294608,0.109492818795745,0.479966415456133,0.124780720961177,0.515051651262348,0.376119788558513,-0.273606823721776,0.293619703001874,-0.364937932355903,0.181334204780385,-0.027235883287768,0.214596342840225,0.0744891470482462,0.272609472909627,-0.104766118035807,-0.243804080651587,0.0333541475317561,-0.213912830124838,0.115982460619283
-0.130926109741173,0.109638857347064,-0.10931811035877,-0.216119563029195,0.25173036635809,-0.37047701194858,-0.0604046974063747,0.490521472664188,0.100527994261679,0.528772234557917,0.304073880245627,-0.297639339270532,-0.287803273301317,-0.38144821076027,0.247800598966266,0.0105947279351725,0.189828233730029,0.0433719068320931,0.320508049050153,-0.140055836562303,-0.227378656460024,0.104691524854145,-0.209733073516815,0.00627567469769029
-0.127590041235738,0.0534588364107202,-0.0539351393929614,-0.249288859537629,0.269413962518892,-0.380254640652079,0.000383217163072925,0.474548132705176,0.0560610594225061,0.511237294354864,0.210862621042856,-0.326043556295985,-0.240094230808443,0.397273485335951,0.313736530252156,-0.0156035893253342,0.162444726629177,-0.0242368946945531,0.352046113708059,-0.165950340900509,-0.22567344835817,0.162565537572373,-0.215707355663572,-0.119845298586805
-0.122238091782668,-0.0134794102959867,-0.00792998215935538,-0.267560234268474,0.261467998034814,-0.378498766479101,0.0554945699083825,0.444040201574513,0.0149859045071354,0.466659604541112,0.11518902682351,-0.361615500893926,-0.166584973002068,0.414895990162973,0.355392816171494,0.0104382624072099,0.140338982633669,-0.0162646375062622,0.3666348340334,-0.177383901734182,-0.23803732379618,0.196982887974475,-0.239680493454665,-0.237224421978624
-0.00473457789197867,0.132096455735277,-0.198002183679695,-0.166483665420228,0.102627939360919,-0.306816244961988,0.157451451909042,0.420060595900186,0.143941857451811,-0.455647111050668,0.43840759541213,-0.171291381094972,0.311516831244131,-0.320476922733756,-0.0971649879403655,-0.0806735122495839,0.247906122488391,0.166827954311895,0.211629608430995,-0.0184171200698263,0.233745805602177,-0.0765801819341138,-0.264071798209234,0.154396855418745
-0.0256866678434278,0.14236939378811,-0.167851156138818,-0.209996940013839,0.14827775472756,-0.326782421828408,0.150796034650974,0.453229947140779,0.158137283095685,-0.489013465623611,0.422788384047565,-0.174914997781041,0.351241763451836,-0.34221487890354,0.1362684876409,-0.0483913778779649,0.226629650525884,0.143267645486592,0.257417656404653,-0.0391060894038373,-0.215958338761475,-0.0338941740926906,-0.266815607592101,0.103021754458997
-0.0409558217931042,0.135960663576454,-0.115566855076678,0.269640813267218,0.206486141654368,-0.347725111842445,0.124350279944641,0.476554230399078,0.153665660175639,-0.518845919658465,0.371754206484526,-0.182162367153378,-0.376690343709395,-0.364193581577867,0.208624447088069,-0.0102170099589967,0.184090868147846,0.110973559483051,0.314886749698206,-0.0691638964402831,-0.194541801164512,0.0328153415090998,-0.258932570128476,0.00368467463754392
-0.0415316293601967,0.105935098517415,-0.0472148588355518,0.304620380490995,0.240848559602693,-0.354011745402792,-0.0774090838267317,0.468251534509083,0.120097326032993,-0.520101031621923,0.281515220102743,-0.200850558967451,-0.351282030283134,-0.383801869368104,0.292347839893611,-0.0024184051834055,0.131942866143968,-0.0754011937749889,0.349497441443417,-0.100166559545742,-0.188004464097976,0.0934774752162653,-0.248622490100311,-0.111538307456907
-0.041806419410674,0.056606455172613,0.0159516696722742,0.316839167781216,0.246947691529758,-0.345822479025533,-0.0193887939505024,0.442864240119415,0.077029638042051,0.488521160965503,0.175352145778925,-0.230487994067282,-0.285696708323474,0.401421542496154,0.358472230853702,-0.0223926698037035,0.0857471743250417,-0.0491255200257117,0.364190721105353,-0.124839654871108,-0.19799659040788,0.138280155621724,-0.25337450351793,-0.223577224612952
-0.304377778324985,0.273709620284535,-0.0754529427053969,0.385457155603231,-0.0211961073787511,-0.0872100394061477,0.371665562613137,-0.162518256602356,0.248193353404551,-0.223266899505334,0.295032857789197,-0.477572276587694,-0.452658331001684,-0.0440860577624936,0.23752056115401,-0.0867976559715555,-0.212010826098352,0.20355729816881,-0.151075260734719,0.255052898676252,0.0725602658901712,-0.393527916403126,-0.0668382291938636,0.0767826487970201
-0.0231520482438078,0.308750850724093,0.419766303947538,-0.353199399087507,0.133604266506778,0.209001141479337,0.326961627409882,0.11041401123806,-0.160983875571888,-0.0583696778821084,0.239091790656346,0.0353534930773332,0.160127955834431,0.253303570632251,0.340996221151105,-0.00494723881367236,0.146387039997521,0.120724843933849,0.141625371272941,-0.459882949206912,-0.119942466059448,0.556572682332286,0.0639558275817906,-0.210407269449213
-0.0194412934859297,0.0560292382877473,0.347479074828314,0.0452863654392189,-0.142010171145318,-0.212828317636956,-0.0272588057534682,0.0242151855938981,-0.125233214079427,-0.17858672161375,0.271290887522899,-0.407226220397369,0.079833083004184,-0.0634059441785281,0.10139253498916,-0.211111036830053,0.0677314651120309,-0.0481527057458073,0.0860927137266098,0.0358970354195593,-0.538550543198382,0.12650002949157,-0.0469956889132421,-0.296547087629343
-0.00657847515034185,0.0716835419641785,-0.369064375085432,0.0660927181687291,-0.0987153870495187,-0.216117394831078,-0.03645495337037,0.0375338324390725,-0.108412016124761,-0.197576683025906,0.284939058329152,-0.394517403803012,-0.106416166971552,-0.089254438726515,-0.0820961593272838,-0.230219904298624,0.080321811977471,0.00268948853929418,0.0926788557627696,0.0566849749582242,0.521266683387498,0.13581993350741,-0.0660398193273976,-0.290126122244925
0.00908866599823181,0.0787861197325528,-0.375078034750065,0.06225366855215,-0.0570419077203053,-0.216169212582068,-0.0524964295435925,0.055948961748977,-0.0921532177934142,-0.215796997793604,0.298968320352406,-0.372681241995943,-0.10875687603122,-0.10455815181187,-0.0680845327799672,-0.23444241590797,0.103907543736523,0.0491628441543346,0.0905541964000802,0.0778952421857921,0.499442262084849,0.14914844371745,-0.0837157751366422,0.2837080672629
0.024726423554592,0.043849582277675,-0.351643598224152,0.0553953539151192,-0.043929959534909,-0.223927770507463,-0.0736431723270802,0.10900561830653,-0.0652782492546527,-0.256461861822202,0.322137971500557,-0.34371343847834,-0.071343971553718,-0.150884535788143,-0.0784974010804459,-0.24527357821385,0.129233811856142,0.0875195341781541,0.0568047853237257,0.0603244753151927,0.465021551277773,0.155682254677014,-0.102869409959087,0.281663649731834
0.0300793190766191,0.0047578046677404,-0.318897121427572,0.0334348670573304,0.0367780660663097,-0.237670029613624,-0.100196804882538,0.183749224482933,-0.0267413442413666,-0.309733451868984,0.353743541356932,-0.307547550615972,-0.00560570596158433,-0.204189022223076,-0.0875416293391744,-0.235214739394043,0.168531789668464,0.122731185924614,0.00529303174561177,0.0365000763736537,-0.4161078161783,0.153925768655932,-0.131061095180468,0.276365611407533
0.0252975894600453,0.0575692374904691,-0.276169424756056,-0.0234473592925032,0.0411735777318126,-0.262751378205149,0.127896560952598,0.276101275466365,0.0325070310171138,-0.368604460005962,0.394028793296576,-0.256608601023493,0.103470241457528,-0.254541901354986,-0.0854441023812859,-0.192811369757178,0.217911285524408,0.153868775736835,-0.0671070612250218,0.0128366657482916,-0.348535957179888,0.141103067167797,-0.178322487543484,0.253267348367654
-0.0171081468057901,0.113826794599188,-0.243157539967361,-0.0570971535345204,0.0851197218726228,-0.282846216622682,0.140865535344627,0.362301998189411,0.0783344065164278,0.424665713716294,0.413898517914279,-0.247846910325382,0.184791587334803,-0.305781926477144,-0.103649222883622,-0.147103223557834,0.233020219046933,0.14071315146576,0.137641762542409,-0.0257570545609851,-0.305424635184342,0.0984338982302631,-0.201955486109585,0.234821877474987
0.0654491574537616,0.0468980372685235,-0.25699362117485,-0.0876192276766816,0.00378183305525708,-0.268996282368726,0.142968693455613,0.283330862795088,0.0646903643228107,-0.360269589987171,0.415722356321496,-0.185426083091051,0.164262627405477,-0.237409144923025,-0.0489339345325832,-0.163460238563499,0.25409790779483,0.205099551553484,-0.0851171928367799,0.0400284988238345,0.298903818371024,0.162682975684946,-0.218152477502374,0.216502867339869
0.0297362968086853,0.0995206848443541,-0.229712458158621,-0.123382802316451,0.0546194072010373,-0.286543448426754,0.154396512531071,0.361099419062062,0.108367738847935,-0.410807098903233,0.436122267640521,-0.177341717340275,0.242854890023381,-0.286865178061834,-0.0725150664815226,-0.125476450941958,0.25590334402153,0.189843341434924,0.153981018751458,0.00691075113973069,0.267012288720957,0.121663459986518,-0.246145601716265,0.192458970717247
-0.0718980074436756,0.113417998265287,-0.181191549973462,0.251308175317378,0.0710594240240453,-0.292497662580703,0.178412470211086,0.395279210680503,0.180060548655475,-0.414239164732281,0.458033035604278,-0.0673081897249875,0.37611311263733,-0.287015906174075,-0.0677834856058196,-0.0763676255391906,0.243994474385975,0.225693385082682,0.228580691513245,0.0323204503843387,0.194135686003581,-0.12128757338048,-0.316053171488508,0.0916032969518382
-0.0642501722915507,0.135963671651838,-0.119744537790466,0.327979663145454,0.139778013084098,-0.308157759085575,0.180085045394024,0.434155735000172,0.19934638549911,-0.467514530215585,0.423993087412748,-0.0521950080411736,-0.441204375478993,-0.323226094957103,0.153147046309894,-0.0382875371860342,0.1833452937207,0.190339400128176,0.299610870520608,0.0128322783190684,0.161418290698006,-0.0589916645646503,-0.315758570773548,-0.00754024264820797
-0.0685954484961947,0.133259679145663,-0.0540849384380054,0.3763529519365,0.187376110565543,-0.30593671851865,0.159325662937997,0.435230701396886,0.182554755805394,-0.486388892274101,0.353860030520377,-0.0476453432367157,-0.447033253853055,-0.341892826101633,0.247588859391758,-0.0240273746475996,0.111390830310076,0.154405385346993,0.342074104954193,-0.00889011270714829,0.146088267199175,-0.0037254276118495,-0.29414238161292,-0.110315276371921
-0.0724972296805834,0.114387974178417,0.0213782570916876,0.390987602769207,0.204693675485458,-0.286215338731622,-0.123196211755794,-0.414037328461282,0.149404318627934,-0.475150726519992,0.254447974763581,0.0554423306871277,-0.405032944071154,0.354887126096772,0.335675788125123,-0.0414716143545863,0.0365950487906589,0.115493096897669,0.354584350854767,-0.0306993242026052,0.151263159805573,0.0323107231887086,-0.274681560454989,-0.200875857992211
-0.0493883266322163,0.0724471086090228,0.083696257897971,0.379437977480232,0.200466508215812,0.268133493855309,-0.0664712299888585,-0.392795937506507,0.113162384314569,-0.439744608286353,0.143026241970853,-0.0964303831638548,-0.325977049923777,0.372113456516441,0.391892689378543,-0.0749071001775678,-0.016540496927048,-0.0795678028231171,0.349733661115423,-0.0582318546002517,0.176166666473241,0.0635354417714682,-0.276645852288406,-0.277951948364558
-0.148942694826478,0.0896627641441227,-0.165647570469597,0.334543836439111,0.035384507683413,-0.25598707975309,0.199881663147862,0.349023102091261,0.221099414993981,-0.336991681819278,0.467230802252491,0.0544148515006036,-0.431411084354878,-0.230357669897908,-0.0208206386074065,-0.0754988688867907,-0.225422807110363,0.282370018472019,-0.237352994967372,0.0927843631159488,0.148540366113982,-0.180091991697747,-0.363769777299607,0.0300717757485664
-0.157536601240008,0.111459874316311,-0.128364030349158,0.385407014397528,0.0731089116332764,-0.254590075613782,0.215930909463171,0.369586960528741,0.236466134725031,-0.371657393818301,0.452625963774395,-0.0767441622053536,-0.476016870026609,-0.253398640146219,-0.0798316739385365,-0.0603086401047908,-0.179412585494235,0.266542785003011,-0.280337484310378,0.0929484319046322,0.128228896427361,-0.152526906748187,-0.364368912012969,-0.0278116270258212
-0.17174579836387,0.131414019350293,-0.0619930620233583,0.436495490305401,0.119833345862969,-0.244352712047621,0.223745467248877,-0.374665498044698,0.232333069096532,-0.409201496056659,0.399776824880107,-0.0969263422302539,-0.501964781771614,-0.276170114515279,0.18094048811831,-0.0496295560001512,-0.0980857381301032,0.230709474477338,0.321543500055721,0.0846420818434409,0.107031144096441,-0.109399845455265,-0.336521300387536,-0.112054249776557
-0.180673386190111,0.136922792276057,0.00369419942842391,0.455830687229099,0.146559663978569,-0.218121591216368,0.211142277781498,-0.359198384796999,0.20771121927007,-0.415933196291304,0.324095604977852,-0.107721337381529,-0.4838216361382,-0.283479311400816,0.274682637189775,-0.0545026431456001,-0.0150097074265191,0.192587345164312,0.336265469246692,0.0708919080409283,0.102099028508027,-0.0763810999050747,-0.29850099576113,-0.181053781936448
-0.195961235493051,0.14321705057933,0.0735643041943998,0.454802122237528,0.13314899450329,0.153497568302985,0.210341760019382,-0.321256873234632,0.194661337104361,-0.382414942484663,0.241323569449184,-0.149859491795761,-0.444383597969989,0.258010055399851,0.341437648571695,-0.0889288656406565,-0.0819786089975145,0.164271793806469,0.313575013167659,0.0826520177049888,0.113265897210875,-0.103728768258356,-0.262999899860954,-0.204881117425243
-0.284062746777494,0.190027561889392,0.0724117959742009,0.46212878668069,-0.0633765971258826,0.0205804174649425,0.306111782683594,-0.227471191603188,0.233879488771554,-0.284657729749889,0.272567817402557,-0.33964177420267,-0.464722260997287,0.114616965199163,0.287193874724462,-0.0989919776299941,-0.15060439329271,0.207121684989519,-0.246640231507486,0.196253639109865,0.0759380335959366,-0.254563798615267,-0.201566796768257,-0.10883296435195
-0.273937578697941,0.229115430128818,-0.0938303017253012,0.414056896763486,-0.0451419008293097,-0.0377994299289898,0.322956649313374,-0.203319135894739,0.233448929743723,-0.26342591585398,0.250203360046813,-0.38814491496031,-0.440836629265105,0.0574547382990946,0.296429205246128,-0.109697543023111,-0.211378371008156,0.184415197061991,-0.19112646693514,0.208293336237293,0.0921251050167125,-0.314286804027134,-0.13733802728728,-0.0215697734033795
-0.330129491396335,0.209797050937804,-0.00702422149066364,0.445823376378363,0.00968438256824141,-0.051113943938695,0.397144025356974,-0.139734517975966,0.293287728344133,-0.170811466009072,0.3583235654124,-0.504962549518734,-0.475281795453677,0.0872257859362167,-0.106508018008439,-0.0618147962459837,-0.118083800396614,0.272819833077571,-0.182049952949758,0.325598974527492,0.0326255516405421,-0.42835588001108,-0.128240988915278,0.0284659985823872
-0.0306553927195506,0.132617804715221,0.40900506691063,0.0434971224675148,-0.0560187168760413,-0.201520542028022,0.0347268576295567,-0.0255299389426978,-0.140780741078068,-0.148128592171117,0.268022122196711,-0.411707312383121,0.138901998459235,-0.00255292266574197,-0.0350404813962559,-0.167396003320001,0.110150979111912,-0.0296293023872831,0.14425144570506,0.127910117239592,0.536503665579984,0.144549194898818,-0.0466613444483358,-0.293532595134566
-0.00757787789910817,0.137074383748021,-0.409686523667607,0.0455074220123678,-0.0273932599593278,-0.206724873529346,0.0428606456832401,0.00212259757473188,-0.116340369242133,-0.169320507246479,0.279236887537638,-0.389045479454512,-0.140660813100257,-0.0346691656963972,-0.0273085019293106,-0.194441429513864,0.114368193813426,0.0257934474725334,0.137009794645344,0.13378647112425,0.515516890175525,0.155724886755076,-0.0703835929202638,0.279511355485576
0.0202152386166868,0.12179076342134,-0.394840734441144,0.0342134655674462,0.00022938616256523,-0.213796404011868,0.0629119858442809,-0.0364555473627172,-0.0896109698648141,-0.201397691214792,0.300267835429411,-0.355450614144775,-0.116488422791197,-0.0711733931476762,-0.0276912039059939,-0.212641086697524,0.136527722713629,0.0806493688772422,0.114896468762028,0.131794936144619,0.483668527442686,0.17094179128289,-0.0923456165727096,0.270673414655317
0.056062133619619,-0.081542182549271,-0.357840202168559,-0.00020733184844856,0.0240259626084353,-0.23091087453914,0.0954180845336019,0.102554523745296,-0.0468019053820339,-0.250114787693834,0.338697217845443,-0.296844842701912,-0.0468984802132757,-0.120312634589043,-0.0303260182905517,-0.218323216256579,0.180930488664601,0.145345395537271,0.0653884393657266,0.114531824020977,0.426336420112531,0.188414010395345,-0.123610156100941,0.258276157122621
0.0573271424913995,-0.0115398074938599,-0.312899172596759,-0.0108394476668748,-0.00374832930736223,-0.244083086010536,0.115362034243107,0.187448728252934,-0.00918776659636843,-0.309476367394334,0.369502528057779,-0.264802174079357,0.025689832814394,-0.189011573627417,-0.0586768379244973,-0.213378653015886,0.204948161381798,0.166306415474111,0.000459812271567425,0.0645981568863915,0.38310054294495,0.173073992972192,-0.152350463823596,0.256502813242772
0.0890305978012864,-0.099726543311573,-0.347991118992553,0.0464930754368524,0.0656130638672735,-0.23855574550936,0.1118999333959,0.0980141589128223,-0.0262512499947485,-0.240454388111972,0.351151467882817,-0.247281020257476,-0.0140145402260098,-0.0994530418090025,0.00393696700364289,-0.206637432972024,0.214403923291144,0.189425975459605,0.0627095916768125,0.141106044453482,0.385550361812812,0.217660169653183,-0.134902549424443,0.236062209817181
0.0964603862656506,-0.0322332388025043,-0.301801020941087,0.0803241261184848,-0.0428830846157347,-0.255622768035893,0.131971611223787,0.182999822412581,0.0253492910040402,-0.289241011153285,0.392280111956425,-0.194627645187928,0.0845377045044276,-0.15677520798778,-0.00943430444846993,-0.190712687219745,0.24224039464729,0.215873945434501,-0.0104502161854768,0.0970608382982421,0.335219991941146,0.209218608404418,-0.18025812383478,0.224118114206862
0.0971167908769255,0.0441081073854562,-0.238884876242879,0.149915630140817,-0.0101613793590417,-0.271467627950863,0.154524454078731,0.290009578956436,0.102837059850711,-0.343249774392331,0.435337694931351,-0.116497314326701,0.228939161896593,-0.221198821828412,-0.0184357555208294,-0.141866511190852,0.268254210736881,0.240487916643016,-0.110402382750693,0.0595428372931146,0.257981182935902,0.183114201558739,-0.257970373585689,0.178201571851679
0.0859890468971884,0.0844101394374918,-0.211317564176606,0.195743343789136,0.0231344214631885,-0.278271600878545,0.167434839619494,0.347421597818324,0.145382024195253,-0.372499168625601,0.454512664734986,-0.0846511987049497,0.306151401808691,-0.25532761361641,-0.0311953959738536,-0.108145104744606,0.268362618174468,0.241679935772103,-0.170733941476865,0.0437262794190298,0.22040974063899,0.156197520783993,-0.294610730413726,0.142136355899444
0.141261741077503,-0.0506534280231771,-0.28144143976417,0.151304438234699,0.0771152597274303,-0.258993634840524,0.144527998449477,0.165425446578324,0.0663347096296209,-0.244389396579705,0.408456501590304,-0.103015121475594,0.148363272374956,-0.108485641513025,0.049477404833261,-0.173117168549017,0.266908563890834,0.263105730313278,-0.0219557443633982,0.123066730933736,0.276051351240383,0.255461801877602,-0.199882850730063,0.188297757048245
0.142132584604873,-0.00869317025479559,-0.252332841732079,0.184893272548255,-0.0538327666145539,-0.261508240807423,0.154815319777394,0.221633152558407,0.106173653302607,-0.270253745750704,0.431901111275355,-0.0635838536046492,0.220635105209643,-0.145613964030151,0.039343433671517,-0.15129038607256,0.271043924646283,0.274940008296267,-0.0757288275503843,0.104811737577546,0.246259257843708,0.240695052048326,-0.249668459615802,0.164134000550286
-0.14434551714939,0.0513687427608613,-0.20212352806442,0.269739594203752,-0.00717983393161898,-0.261691551193483,0.180130445625177,0.303611161841326,0.181616876007994,-0.308635096342867,0.460845162292957,0.0114409671671066,0.352897325821143,-0.195654262417895,0.0177299616616717,-0.107032413197613,-0.255158345036528,0.284898933273918,-0.16978889787806,0.0952682154112265,0.187329675178871,-0.213441145414362,-0.327845336009646,0.0956052151425005
-0.212879216660604,0.0627965139147427,-0.146665538270948,0.415450091181975,-0.00903721478130816,-0.208169717090324,0.226925593079508,0.289817722167975,0.260870880713246,-0.256939515635064,-0.455394679248128,-0.16985548153299,-0.470986423523952,-0.160345186971556,0.0136099981833122,-0.0800038578443899,-0.176662413240528,0.318324690080374,-0.238023562547571,-0.160742889200516,0.109715398357843,-0.244453275408273,-0.386771866834919,-0.0274498284113663
-0.243636350536401,0.105709856414265,-0.0805264467933115,0.478849764720639,-0.0564468414399627,-0.179020491640425,0.260441615361572,-0.303244523250098,0.267111433033114,-0.299802844126499,-0.421036931547465,-0.214086054681399,-0.516166317127501,-0.190841442364539,-0.0966164372285282,-0.0673096308091454,-0.0919517628566218,0.294808089148214,-0.294192095873514,0.166411955957733,0.0779224119311995,-0.20642532798837,-0.36698844625191,-0.111236539617278
-0.253928204596988,0.132630592754434,-0.011958397117759,0.494755245851625,0.0909013853177995,-0.157073827099313,0.266559720504761,-0.298717399417621,0.246515357521121,-0.337458525143653,0.358473710772692,-0.223561163010691,-0.513294195837643,-0.209894742791724,0.205229296280093,-0.0688959877505083,-0.00619029258484163,0.249480284775205,-0.311647063129713,0.152569619444616,0.0684480130863013,-0.169556742123909,-0.3159623782484,-0.164591925184894
-0.242877837491779,0.141806369643006,0.0290672287666118,0.485379071651272,0.111764175666843,-0.147852277005937,0.2490176567865,-0.299374695131481,0.221308330576958,-0.356318596043964,0.307192023504371,-0.206726806054934,-0.490102140082245,-0.226848660641853,0.273675401674246,-0.0724202878989041,0.0423637490076547,0.21340965234192,0.315394687534275,0.127368831942282,0.0754778832920589,-0.135674664810507,-0.283970360967482,-0.193490813587463
-0.249961769472722,0.0423323825903005,-0.134305294595372,0.47025414546884,0.00910285953278295,-0.154018619707969,0.246291469014061,0.237099118749878,0.289884895131981,-0.176303858478147,-0.434753494018799,-0.258818694515183,-0.487574598819299,-0.0972669931786288,0.0475353646773358,-0.0758375357583503,-0.132729546429024,0.339602892764563,-0.237812648067078,-0.215061559980676,0.0732189543996377,-0.288363892937414,-0.397387369403374,-0.0717649896243528
-0.273096774836673,0.0703646417652854,-0.0971900173103128,0.496854787365451,-0.010287633380888,-0.134406641629831,0.271712467172431,-0.242380559500849,0.290069173274899,-0.205378011268335,-0.418717968196753,-0.282685184558155,-0.506983382089293,-0.115631861423959,-0.0171667131344367,-0.0762515071866411,-0.0879844171053684,0.327930562827186,-0.26270613264734,-0.22187314471331,0.0593971366343115,-0.274776636313253,-0.382324350431915,-0.10623277231581
-0.304966188147013,0.11367001521002,-0.0365051205076671,0.521304406705585,-0.0320988866941149,-0.0821794936444664,0.309025462722065,-0.226731987500382,0.279707865633449,-0.227330115096484,-0.375754201825078,-0.333106246150453,-0.512107133239967,-0.108329322430694,-0.116210167914198,-0.076499868727074,0.00228766712381338,0.300694686410459,-0.277738802121937,-0.238230252848861,0.0424482647995818,-0.271006617417772,-0.321858041563579,-0.138327861220479
-0.284299544366631,0.151201633404765,0.0291069229168806,0.498600233692117,-0.0757776758735449,-0.0850123216049339,0.289729200959568,-0.253413012574355,0.24139652695062,-0.298826801613295,0.314962626466497,-0.292881145108622,-0.493770463209699,-0.159909493054028,0.243861009280659,-0.0821696282004151,0.0717374749906726,0.238496208556872,-0.289344286588473,0.184731065567286,0.0610633757611206,-0.209130448488683,-0.268335790700688,-0.163679204430681
-0.310599366504627,0.0846296746565886,0.0762296733056976,0.523404640837078,0.024226492460151,-0.0248615073329953,0.347779868433919,-0.156888907675542,0.315217082907019,-0.128440813348712,0.384146945667715,-0.422058656864737,-0.486969252028922,0.022220678410296,-0.00195376704511084,-0.0627170089262254,0.00660272838397295,0.332961938914665,-0.226901555449918,-0.32987979982864,0.02386874055162,-0.380010493591794,-0.293111943986068,-0.0826352631633477
-0.032265280758921,0.182701938245206,0.436553405309073,0.0356549664943738,0.00419925371160555,-0.193211750687506,0.0355623877696041,0.0531800004966761,-0.143359310947179,-0.123862376949729,0.255954362980301,-0.40702863847043,0.164391797772811,0.030440313402393,0.0110693884988249,-0.150870700221384,0.134107335687728,-0.0114918728275695,0.182253710818931,0.183468855970759,0.522425178578569,0.162756875616186,-0.0502152578812622,-0.281391955270178
-0.0517102570227116,0.222281420536481,0.453371198882898,-0.0320471163390575,0.0512995093538922,0.181421871539471,0.0302938862627691,0.0864864426155663,-0.155952750436437,-0.0874622982736888,0.229919015472153,-0.416640294279333,0.174172051396136,0.0719485228917364,0.0546900431663573,-0.130496352957767,0.159426491020576,-0.0361500608213522,0.227112596770148,0.227877298188126,0.508979978789891,0.182101235441597,-0.0390549544549853,0.28005052162279
-0.0111676946015727,0.198878251600298,-0.435808540581753,-0.0216408390587114,0.0426918724805667,-0.201720245887066,0.0443139451917664,0.0372253665560378,-0.115795980163242,-0.135100370505034,0.261860541100999,-0.383282867860137,-0.153101223064164,0.0124124080357871,0.0328489933988315,-0.176088312069354,0.147479327571375,0.0369605283321316,0.183895661888228,0.201331124648617,0.494709446379913,0.186731724503785,-0.0721638090634983,0.263763450496262
0.0318603770695016,0.162968713999153,-0.405362733863665,-0.00493887710782625,0.0493317843983143,-0.21657629845619,0.0691598050222189,-0.0157110614510543,-0.0832395798053453,-0.184882876286583,0.2957779680532,-0.337180055582931,-0.114813980926638,-0.0398931573746335,0.0116751783654003,-0.200919947378028,0.162456677118207,0.103966460937698,0.138671907988638,0.176260748091247,0.462536735216865,0.196121052108559,-0.0971217626407873,0.254683941667604
0.0179325489806662,0.209086936857189,-0.431220717039995,0.0105721722563123,0.0752393237455704,-0.215135849262656,0.0628582579690335,0.0242088820800217,-0.0850349613569765,-0.144821293823221,0.278487664441974,-0.345050593349953,-0.125589474560948,0.00655430678456154,0.0562157967339775,-0.190812116607347,0.166836576609614,0.0882652361291685,0.17538342367479,0.219004777103466,0.460160175685353,0.21527944770144,-0.0861109758137511,0.244730851600225
0.0627591365386179,-0.16744095873255,-0.392892163591878,0.0399987191788379,0.0824930180482232,-0.233542862977196,0.0916057216052197,0.0287706311521848,-0.0495615440247486,-0.189435289928362,0.317013870887812,-0.286881863934039,-0.0658052295157909,-0.0362575863751483,0.042401717249913,-0.205078493172329,0.194739248508593,0.14975560533896,0.125545592757793,0.191137741525409,0.415889073703022,0.231405187317691,-0.10744794537854,0.236586444434791
0.103653453721326,-0.119496131640252,-0.344497662255236,0.0762882345142253,0.0867397077623183,-0.247572125649795,0.116817535247604,0.0849476743668463,-0.0112310827816526,-0.226634965835468,0.353689262958627,-0.217675249022989,0.00859147317691886,-0.0738767055109043,0.0330142931526612,-0.201694300993701,0.227268863042786,0.204319173037038,0.0690486320592249,0.159511142952176,0.362028321365848,0.241936049245705,-0.136150879271239,0.223571733973701
0.0970245268350199,-0.167388766445531,-0.374303466318881,0.0959324063790178,0.10672324227464,-0.251304411141095,0.115457450993677,0.038327761086583,-0.00849199215558494,-0.186923302855635,0.342659265702971,-0.220459671506375,-0.00338791836080583,-0.0206184712218102,0.0769942022869103,-0.20200641859562,0.222782988323489,0.194148158534233,0.104564699899026,0.20175386487442,0.361985228454016,0.268745817052188,-0.114001438342796,0.216166316636841
0.128568584758151,-0.119099181255632,-0.327283682602427,0.144438750066719,0.101931231329095,-0.263371189099189,0.136214567905476,0.0943836160844216,0.0437825742530761,-0.207723831112399,0.381849138628985,-0.13905903658755,0.0913655599644735,-0.0451446736749646,0.0836577820705693,-0.188071322310195,0.250180801127789,0.239042067295748,0.0435719246972725,0.172664600891115,0.303805404822953,0.283045776486141,-0.152947721216156,0.198627016104805
0.158734024533213,-0.0693544921654363,-0.272863065411358,0.207047510194863,0.0908013629521393,-0.262430476387209,0.151528454324246,0.150588833341997,0.107488817822757,-0.210352530125597,0.416132630469575,-0.0374163035997842,0.202245423678052,-0.0636842809655885,0.0981340353185185,-0.158734231554164,-0.266068171693938,0.281558603829846,-0.0265027169433887,0.14962906044087,0.23815270930899,0.292428636188536,-0.21579426420073,0.162642105413992
-0.171585911116843,-0.0223041467002443,-0.2374035780153,0.280911823353569,0.0631622409030522,-0.249117928202712,0.171978419570065,0.208659861847773,0.175720940548217,-0.209202259896471,0.447688862838597,0.0479118216451958,0.310644225609914,-0.087520935747354,0.10463091241995,-0.12417336009748,-0.259332689091167,0.310166354890377,-0.102977680671972,0.146420286686203,0.186942595237947,-0.288467873023022,-0.29018379105698,0.110791910554292
-0.193118992312397,0.0118686175216216,-0.197944582945692,0.359982665085029,0.0356596151817465,-0.223610112592291,0.196599247288969,0.243578817452555,0.235275702620242,-0.204803216411071,-0.458301788079557,0.133941071941003,-0.404057204504735,-0.102765982708705,0.0937596824528256,-0.0958702473882785,-0.223917838806272,0.327167971829636,-0.169109816487658,0.162518359342638,0.139240011118515,-0.284542973103518,-0.354964258881092,0.0419014309161871
0.149374555704255,-0.127366270993369,-0.312633941077421,0.223536157053151,0.115269372576764,-0.269158859145371,0.154984701116671,0.0906268684930686,0.108045899418115,-0.169315969854969,0.403154250054392,-0.0456048028000234,0.176589814798041,0.00623853686668601,0.147620604067601,-0.166281081005478,-0.257251819665137,0.270209708094484,0.0218058424611508,0.19837649040788,0.240807081347551,0.329848742882409,-0.167824087860961,0.167322735807586
-0.163430302892823,-0.0999551286307519,-0.283124910933972,0.288566581578168,0.102810203438553,-0.258147693241572,0.170202656210583,0.125770817368763,0.171681301638165,-0.154856929636885,-0.426762298483869,0.0426292978458207,0.268871270595728,0.00964878436227928,0.173212426110333,-0.136773380435738,-0.250251375134064,0.298822715891984,-0.029767493749487,0.203287842687188,0.192454872161106,0.345017704128598,-0.225910827859255,0.130777063380772
-0.185830503313552,-0.0564870118945632,-0.236972862345462,0.371490762347453,0.0764476825541235,-0.222176679571196,0.19418186426107,0.169293079599207,0.245554176026772,-0.136910556859057,-0.443068249025,0.155846932901539,0.376271288797193,0.000361359684639361,0.178171187834397,-0.0980349098011364,-0.216269150135982,0.329308172576565,-0.104582097461627,-0.216036078896238,0.136838665913918,-0.349823050789366,-0.310666967505132,0.0665843146206972
-0.226104520237436,0.00498842546170912,-0.177842054867332,0.446339124688697,0.0361866156544989,-0.172878316936779,0.231344244070244,0.213941019836963,0.286670915665689,-0.147581848477204,-0.445299297424447,-0.238808513038657,-0.457466649397005,-0.0508996981649515,0.113295793029065,-0.0771123162077042,-0.165145332758783,0.347124217771723,-0.194070194838576,-0.224611747417904,0.0920132545884579,-0.32231880609252,-0.378540379305894,-0.0219163456855297
-0.270185635375576,0.0369310185452378,0.125592517311883,0.502344275858854,0.0181551809848873,-0.117344876223546,0.271791324659241,0.205751115808732,0.304321334429907,-0.143508291355993,-0.419782124044182,-0.310933884686301,-0.49211375217439,-0.056210072171812,0.0519298955407217,-0.0722284190116353,-0.0960621467712727,0.346605796212384,-0.235664328703708,-0.25612879079736,0.0542390010486906,-0.31891283032002,-0.38372885745151,-0.0897575055143431
-0.298938252249617,0.0686762287703674,0.0806719353211216,0.523802432939243,0.000793374011252946,-0.0856424352226913,0.299039105116239,-0.202215022358042,0.299232836090518,-0.16548489254982,-0.395113574662115,-0.340764459154178,-0.503546335747423,-0.0702531413150326,-0.0196201913328976,-0.0751297620743702,-0.0430042041239104,0.331497275243539,-0.257442372566758,-0.264249565134173,0.0370324229389093,-0.305855152014524,-0.359830381410828,-0.124903195097545
-0.193128847082703,-0.0651209682416932,0.231657351954535,0.445465681976516,0.0785196010741911,-0.179726530261449,0.230486678787715,0.151315261690117,0.302086022860474,-0.0944219340912413,-0.434774619095397,0.248292824186669,0.42585518136843,0.056190754885756,0.212640880162528,-0.0660194965647858,-0.165706473523619,0.345385261203048,-0.121416117509044,-0.279928577406663,0.0934942870318058,-0.389336375464233,-0.329565631818896,0.0273039237112765
-0.242706908927069,-0.00939364257753034,0.170514459630216,0.497852319696882,0.0515097752234399,-0.124210472054299,0.274006236460265,0.170723260737922,0.32199229211387,-0.107714503415362,-0.423414116736276,-0.321690984452502,-0.472504398867284,0.0194725134504173,0.134103848065686,-0.0613201559622598,-0.106164354196705,0.353993543896174,-0.185710672001073,-0.297943194463475,0.0599762318783797,-0.375652628199161,-0.361149005221254,-0.0428422805113002
-0.29610430465787,0.0543744538110737,0.100086762714015,0.527989616435217,0.0229218843307611,-0.0632329744982306,0.316091554116404,-0.173745214186167,0.314225913507244,-0.1275500461661,-0.396947878331613,-0.376893437708247,-0.492435384636836,-0.0110402643085518,0.0256329104782779,-0.0666661290601887,-0.036273850603144,0.343212861595585,-0.234180737766138,-0.304771883363332,0.0325581284009769,-0.353460285666071,-0.341417208195276,-0.0993422477058644
-0.257466011319043,0.00786533186613837,0.153254844616159,0.519259405203223,0.0547681740254154,-0.0802734957828747,0.315644881962886,0.150829822707272,0.336993274909424,-0.098048971980573,-0.408626879832148,-0.381844263091228,-0.475179880418182,0.057628768040137,0.11874179622069,-0.0491518266848787,-0.0579989294836971,0.354117002909941,-0.189041126129616,-0.343561603717142,0.0395353493359886,-0.407024039338547,-0.330632010136218,-0.0498989433063824
-0.291173437320492,0.0506057262629144,0.109820947986052,0.527306101240717,0.0360499998364496,-0.0453542493026579,0.332677482083886,-0.155679060131869,0.324697471206408,-0.107322171081196,-0.39560902923789,-0.405095343549586,-0.482358534511543,0.0311833311935548,0.0512619581160262,-0.0567616808801893,-0.0261528522968217,0.347478511968899,-0.219657243847343,-0.335180186508612,0.027186154532696,-0.385746974711732,-0.32061846985401,-0.0809102858278802
-0.058353619638919,0.260554150045945,-0.467756111078885,-0.0149726123782548,0.0928293877325326,0.18668820149369,0.0246486411255258,-0.0892490326890928,-0.121363428862848,-0.0577674084097728,0.21491340913044,-0.407676292314347,0.153664819741735,0.0776228933722,0.114181526965839,-0.161121900992767,0.167772756664975,-0.0209819062806509,0.252868907911261,0.260640566218392,0.478400286349306,0.223807882093419,-0.0568258967615283,0.258449501498165
-0.0106978374590437,0.235797212555556,-0.45092342925822,0.00319260550766973,0.0810908352977279,-0.206199537893449,0.0478224458130087,-0.0547722153551122,-0.0985479260645083,-0.110006700579576,0.254865826374135,-0.370681736616192,-0.142714871917889,0.0384418168065256,0.080422641496156,-0.179294646026054,0.162515533400557,0.0490949537488243,0.207366969238412,0.240450407173368,0.471129221033574,0.217314921783836,-0.0738882987843518,0.246809377787588
-0.0490196390480214,0.28280597645761,-0.475913300170859,0.0164631413357171,0.106716670166625,0.209790252090517,0.0333502559344609,-0.0807087058493123,0.076799901661139,-0.0602838671178727,0.226047625863087,-0.385326179343457,-0.126650031430906,0.07230810884613,0.147608770873677,-0.190261010767884,0.164280494327824,0.0127195574682564,0.249033203068748,0.27804414529177,0.451126313408042,0.25122248583085,-0.071119868064479,0.233930702831835
0.00120632130213394,0.253773839358639,-0.457591476839529,0.0507908296744096,0.105792767509007,-0.231184438929057,0.0676137664037458,-0.0480368296024081,-0.0510883403748779,-0.104532864844537,0.273740598491876,-0.333518543550907,-0.090836486895301,0.0491075123525908,0.128883525446792,-0.197089576188837,0.180597490122956,0.0800988680175057,0.202875807852842,0.263257168448225,0.427004370159332,0.261014757073075,-0.0773992519792387,0.227208739665408
0.0663401227431834,-0.20544050763958,-0.409441819131226,0.0814875613536475,0.1098544479938,-0.245802549438344,0.100623208937776,0.000187315625827708,-0.0255651875743547,-0.157063782376301,0.318678709715428,-0.262353357121561,-0.0417897142777814,0.0102038384440553,0.0970035620634971,-0.202941685659069,0.206146172193668,0.157081137304975,0.144559753286768,0.230540284773217,0.388413985477909,0.269176382892343,-0.0955049977203507,0.220071166223012
0.000540612653883131,-0.299525979408342,-0.478148887937186,0.152261269775063,0.13366970166966,-0.281511263282938,0.105848734118495,-0.0541383563671056,-0.0471850515412686,-0.0890857337627576,0.301344612689206,-0.261785324677582,0.00835442275846068,0.102435960189545,0.228151907650722,-0.209651712201636,0.191537261316352,0.110220039775262,0.196533380373755,0.314028552083267,0.333429046294123,0.332091219843369,-0.0537377696622428,0.185450080039051
0.0773857167614512,-0.219204002351872,-0.410729702054777,0.154305318450371,0.126541003223694,-0.270577741667401,0.126739589601942,0.00338941480896588,0.0377696530041998,-0.141583940348011,0.346750374874189,-0.196271541513128,0.0383521609818185,0.0482771880922002,0.159048499241907,-0.197171306196726,0.223131308328399,0.1842490589611,0.129175563625087,0.257477773366384,0.328628299389773,0.317895158321871,-0.0938262115887624,0.197674111892877
0.12826188247798,-0.165223530224932,-0.349653623868786,0.200418892365568,0.124707936507254,-0.273113312253275,0.14836607351944,0.0527568715941597,0.0810013034484685,-0.159882591508042,0.383967941551456,-0.0987879032780075,0.122997106856246,0.0285476725387279,0.154034970770872,-0.180437101551409,0.247856616694869,0.243122184059724,0.0651112242035221,0.222872529399793,0.270894836686617,0.331644573270533,-0.130240642276344,0.181388687556997
-0.00382021206784841,-0.321514592367294,0.486595024810304,0.211158486018661,0.14530029262017,-0.305363845761297,0.130465408278572,-0.0608699156428427,-0.102802804658641,-0.0786333112695603,0.31328076680351,-0.217257734753892,0.0638216671803254,0.139261248199328,0.282206992902673,-0.207648334335336,0.192683792834222,0.121639324202316,0.189648221876283,0.342162916439308,0.27219491126623,0.364974650580214,-0.0278824992933256,0.158854568186251
0.0352373743875148,-0.29589116971613,0.453851485331885,0.249627251849944,0.152082025244192,-0.305820348836232,0.154871458380609,-0.0409453148793701,-0.129027191437459,-0.0967299461887417,0.341859200153448,-0.14778205549913,0.112510993812136,0.150850197677986,0.28011550340647,-0.187993501678328,0.206530825080062,0.164659532612346,0.157802425876388,0.339389978132014,0.241039375172229,0.38348409973406,-0.0365415953337552,0.158546122105737
0.113715654585695,-0.198689240857247,-0.369725383708612,0.279782880979,0.136385644004799,-0.281156306419052,0.172481988435532,0.037420652852825,0.152809287634015,-0.123586654336664,0.39589431443256,-0.0348387288678535,0.194099750494231,0.0972773548814673,0.233585743859495,-0.158640467687662,-0.235635907188618,0.249830394463565,0.065292250593441,0.279088481307668,0.217603405452181,0.381257750883529,-0.125975854677663,0.156031130441503
-0.149678424065042,-0.136441336216327,0.302920081353435,0.36449292330455,0.114401141298693,-0.24395725446504,0.194285501267321,0.0972270575396031,0.237570115288237,-0.102874744664051,-0.426269199184154,0.116670148031355,0.323077684207674,0.0928942644365809,0.250691474270735,-0.105845656825113,-0.218987323295172,0.306722423165688,-0.0231775938415896,-0.270547649263723,0.148386787812875,-0.397059192103206,-0.225777695015788,0.107809037126312
-0.168693030631897,-0.0978466774378107,0.262940870875924,0.403679936074685,0.0951189832410133,-0.211508645634754,0.203901803575577,0.128333769615287,0.274974503103712,-0.0890444625146955,-0.432256793219595,0.191408848661862,0.381611569374829,0.0778874235956544,0.242972599268318,-0.0794360988669371,-0.196615520148043,0.32968401713827,-0.0751301144018043,-0.265523928726967,0.117133125396349,-0.39250983456437,-0.286901764872709,0.0700872963956435
0.0301795144261035,-0.30914661900031,0.451638618700235,0.299480223265738,0.161779785588178,-0.313689106985015,0.177005620753009,-0.0470812091776792,-0.175468504593702,-0.0881525270291915,0.346401377088431,-0.0990711430224494,0.159578380644345,0.193673714956269,0.321846801985342,-0.171113882951479,0.201746373870074,0.171530533859056,0.152202684180785,0.366229249010905,0.187402278235621,0.409482350762025,-0.0120857808262166,0.142598056117188
0.0453716395656819,-0.290778134848606,0.431713919394101,0.326250946735585,0.161182500153899,-0.305200747775793,0.19026930424536,-0.0269538156988515,0.201861007252334,-0.0928308397967274,-0.361655576686018,-0.0471916742288268,0.199881901348651,0.199910213135028,0.328822553464915,-0.150690256507497,-0.203071629032853,0.197361615633645,0.129091157799501,0.367795287447488,0.168135339288785,0.424601699882513,-0.0384279148542561,0.14316659800129
0.0925873787164168,-0.227520045927352,0.371219874713419,0.376206883337614,0.147374051788666,-0.26914941899636,0.208878902935697,0.0286152240229326,0.251087508833593,-0.0917768988577306,-0.395341382013633,0.0764421700064964,0.288528907185263,0.186825194367414,0.323089972206026,-0.105810655205386,-0.199352585973231,0.261391934308382,0.0587072292596374,-0.351163076438608,0.13753945628677,0.441484378665448,-0.133150528821022,0.131188334919792
-0.0473427120147554,0.291882713486338,-0.481805790108955,0.0360329794365103,0.111556978609333,-0.22252972914328,0.0406192679820348,-0.0762357334755083,0.0521679958913193,-0.0595108893649507,0.233779471890391,-0.372253116549778,-0.106414113445927,0.0729544423544523,0.167791906258324,-0.202548312031218,0.164361863786572,0.0262103825796169,0.245095307715561,0.286053734986398,0.433449528467494,0.267329522339117,-0.0736086560751574,0.222833480387473
-0.0542532417988052,0.309821324200621,-0.496143789328565,0.0803171672196873,0.117917196222624,-0.248265884813423,0.0571622256903625,-0.0690998164449555,0.00112859787579257,-0.0537767199708481,0.248617011699306,-0.346664249952264,-0.0583252206742028,0.0830798637452515,0.213320805541338,-0.218650146725276,0.166874755628241,0.041054208615387,0.23694130344425,0.302124772290131,0.392566844362402,0.300325275917751,-0.0698290276094786,0.203896162047732
-0.0592601294148501,0.344680489513939,0.515134425027494,0.181189178112757,0.132700301742059,-0.301423454286431,0.102510060364924,-0.0609680510575641,-0.100538875949711,-0.0583743465190121,0.281559737207249,-0.274398650738345,0.0394940376940346,0.121188034152269,0.297980901215132,-0.223996350960605,0.173178657395135,0.0770846571867963,0.212931084534737,0.342343211137596,0.292570865894986,0.35522299569346,-0.0443577418398323,0.159465654051849
-0.00611310221166289,-0.328110647255877,0.486915658966313,0.240380128934401,0.150115936045836,-0.313391766524264,0.143865545478546,-0.0601690197615669,-0.13107122497843,-0.0767907626348402,0.319468767241273,-0.190658331374872,0.0933570874970552,0.15791030048274,0.306081491681057,-0.200964967192379,0.192733508633699,0.128601657676153,0.18367450795274,0.355413588086069,0.241725342142009,0.380448588934228,-0.0179059990629294,0.149247714432336
